序号,标题,公众号名称,作者,发布时间,原文链接,Markdown文件,文章详情_ad_info,文章详情_appmsg_album_info,文章详情_appmsg_like_type,文章详情_appmsg_modified,文章ID,文章详情_audio_in_appmsg,文章详情_can_delete_status,文章详情_can_location_page_show,文章详情_can_modify,文章详情_claim_source,文章详情_claim_source_type,文章详情_comment_id,留言数,版权状态,版权类型,文章详情_cover,文章详情_delete_nickname,文章详情_delete_time,文章详情_disable_recommend,文章详情_is_comment_enable,文章详情_is_cooling_article,是否已删除,文章详情_is_forced_reprint,文章详情_is_from_transfer,文章详情_is_pay_subscribe,文章详情_is_rumor_refutation,文章详情_is_segment_comment_enable,文章详情_item_show_type,图文序号,喜欢数,文章详情_line_info,文章详情_location_page_show,文章详情_modify_detail_wording,文章详情_modify_status,文章详情_modify_wording,朋友圈点赞数,文章详情_multi_picture_cover,点赞数,文章详情_open_fansmsg,文章详情_pic_cdn_url_16_9,文章详情_pic_cdn_url_1_1,文章详情_pic_cdn_url_235_1,文章详情_public_tag_info,文章详情_publish_copy_appmsg_id,文章详情_publish_copy_type,发布消息ID,是否新发布,发布类型,发布结果,发送状态,阅读量,转载量,文章详情_reprint_source_title,文章详情_reprint_source_url,文章详情_segment_comment_id,文章详情_share_imageinfo,分享量,文章详情_share_type,文章详情_smart_product,文章详情_super_vote_id,留言含回复数,文章详情_vote_id,文章分析_统计错误,文章分析_平均阅读时长,文章分析_收藏人数,文章分析_分析页留言数,文章分析_完读率,文章分析_阅读后关注人数,文章分析_点赞人数,文章分析_音频播放次数,文章分析_音频播放人数,文章分析_赞赏金额,文章分析_阅读人数,文章分析_分享人数,文章分析_在看人数,文章分析_音频明细,文章分析_按日来源明细,文章分析_文章内跳转统计,文章分析_年龄分布,文章分析_性别分布,文章分析_地域分布,文章分析_总分享次数,文章分析_粉丝分享次数,文章分析_分享场景阅读次数,文章分析_分析页阅读次数,文章分析_送达人数
1,分享几个 vibe coding 时的 prompt 技巧,张大刀修炼手册,张大刀修炼手册,2026-07-09 21:04:34,https://mp.weixin.qq.com/s/NJA35F1NDYjC025kCI462g,G:\project\05 个人\分析助手\output_publish_check\articles\0001 分享几个 vibe coding 时的 prompt 技巧.md,"{""has_agreement_ad"": 0, ""is_recruit_agreement_ad"": 0}","{""appmsg_album_infos"": []}",2,1,2247502591,[],0,0,1,"{""is_user_no_claim_source"": 1}",0,4597124546225766402,0,11,1,https://mmbiz.qpic.cn/mmbiz_jpg/LM6PGlrkNPqZWhAZsCZtLl2txiadYLlevARtfgxacWs1jYxbwAdo37uCxxvfYJQjACfrYEfAFc0KfQBCFfguRbhfNxyyshg0hmpZsh7oBHOE/0?wx_fmt=jpeg,,,0,True,0,False,,0,0,0,True,0,1,5,"{""use_line"": 1, ""line_count"": 1, ""send_time"": 1783602274, ""is_appmsg_flag"": 1, ""is_use_flag"": 0}",0,"[""第1次修改 2026年07月09日 21时08分 ZQW""]",1,还可以修改2次,0,0,9,0,,,https://mmbiz.qpic.cn/sz_mmbiz_jpg/LM6PGlrkNPqVOl5QswXgic2CibuE8tTY1CKR1xwgNGfMuoaOFBc7Ye9jniccZ6icvpc8KYtXicpiahDbSRFqicib6bcZGV75VECWjdwdtnmmK5m34oA/0?wx_fmt=jpeg,"{""public_tag_list"": [], ""modify_times"": 0, ""init_tag_list_size"": 0}",100018937,77,1000000087,0,101,"{""msg_status"": 2, ""refuse_reason"": """", ""reject_index_list"": [], ""update_time"": 1783602316}","{""total"": 4098, ""succ"": 4098, ""fail"": 0, ""progress"": 100, ""userprotect"": 0}",220,1,,,4597124560469622785,[],34,0,0,[],0,[],,86,19,0,0.343478262424,4,8,1,1,0,230,35,5,[],"[{""ref_date"": ""2026-07-09"", ""scene"": 9999, ""read_user"": 98, ""share_user"": 15}, {""ref_date"": ""2026-07-10"", ""scene"": 9999, ""read_user"": 79, ""share_user"": 15}, {""ref_date"": ""2026-07-11"", ""scene"": 9999, ""read_user"": 12, ""share_user"": 0}, {""ref_date"": ""2026-07-12"", ""scene"": 9999, ""read_user"": 8, ""share_user"": 3}, {""ref_date"": ""2026-07-13"", ""scene"": 9999, ""read_user"": 8, ""share_user"": 0}, {""ref_date"": ""2026-07-14"", ""scene"": 9999, ""read_user"": 25, ""share_user"": 2}, {""ref_date"": ""2026-07-09"", ""scene"": 0, ""read_user"": 44, ""share_user"": 0}, {""ref_date"": ""2026-07-09"", ""scene"": 1, ""read_user"": 51, ""share_user"": 0}, {""ref_date"": ""2026-07-09"", ""scene"": 2, ""read_user"": 2, ""share_user"": 0}, {""ref_date"": ""2026-07-09"", ""scene"": 4, ""read_user"": 2, ""share_user"": 0}, {""ref_date"": ""2026-07-09"", ""scene"": 5, ""read_user"": 4, ""share_user"": 0}, {""ref_date"": ""2026-07-10"", ""scene"": 0, ""read_user"": 38, ""share_user"": 0}, {""ref_date"": ""2026-07-10"", ""scene"": 1, ""read_user"": 26, ""share_user"": 0}, {""ref_date"": ""2026-07-10"", ""scene"": 2, ""read_user"": 7, ""share_user"": 0}, {""ref_date"": ""2026-07-10"", ""scene"": 4, ""read_user"": 2, ""share_user"": 0}, {""ref_date"": ""2026-07-10"", ""scene"": 5, ""read_user"": 3, ""share_user"": 0}, {""ref_date"": ""2026-07-10"", ""scene"": 6, ""read_user"": 2, ""share_user"": 0}, {""ref_date"": ""2026-07-10"", ""scene"": 7, ""read_user"": 5, ""share_user"": 0}, {""ref_date"": ""2026-07-11"", ""scene"": 0, ""read_user"": 4, ""share_user"": 0}, {""ref_date"": ""2026-07-11"", ""scene"": 1, ""read_user"": 3, ""share_user"": 0}, {""ref_date"": ""2026-07-11"", ""scene"": 5, ""read_user"": 1, ""share_user"": 0}, {""ref_date"": ""2026-07-11"", ""scene"": 6, ""read_user"": 3, ""share_user"": 0}, {""ref_date"": ""2026-07-11"", ""scene"": 7, ""read_user"": 1, ""share_user"": 0}, {""ref_date"": ""2026-07-12"", ""scene"": 1, ""read_user"": 2, ""share_user"": 0}, {""ref_date"": ""2026-07-12"", ""scene"": 4, ""read_user"": 1, ""share_user"": 0}, {""ref_date"": ""2026-07-12"", ""scene"": 5, ""read_user"": 1, ""share_user"": 0}, {""ref_date"": ""2026-07-12"", ""scene"": 6, ""read_user"": 4, ""share_user"": 0}, {""ref_date"": ""2026-07-12"", ""scene"": 7, ""read_user"": 2, ""share_user"": 0}, {""ref_date"": ""2026-07-13"", ""scene"": 0, ""read_user"": 2, ""share_user"": 0}, {""ref_date"": ""2026-07-13"", ""scene"": 1, ""read_user"": 2, ""share_user"": 0}, {""ref_date"": ""2026-07-13"", ""scene"": 4, ""read_user"": 2, ""share_user"": 0}, {""ref_date"": ""2026-07-13"", ""scene"": 5, ""read_user"": 1, ""share_user"": 0}, {""ref_date"": ""2026-07-13"", ""scene"": 7, ""read_user"": 2, ""share_user"": 0}, {""ref_date"": ""2026-07-14"", ""scene"": 0, ""read_user"": 3, ""share_user"": 0}, {""ref_date"": ""2026-07-14"", ""scene"": 1, ""read_user"": 4, ""share_user"": 0}, {""ref_date"": ""2026-07-14"", ""scene"": 4, ""read_user"": 1, ""share_user"": 0}, {""ref_date"": ""2026-07-14"", ""scene"": 5, ""read_user"": 2, ""share_user"": 0}, {""ref_date"": ""2026-07-14"", ""scene"": 6, ""read_user"": 17, ""share_user"": 0}]","[{""jump_pos_type"": 1, ""jump_pos_rate"": 0, ""jump_uv"": 53, ""jump_total_uv"": 216}, {""jump_pos_type"": 2, ""jump_pos_rate"": 0, ""jump_uv"": 39, ""jump_total_uv"": 216}, {""jump_pos_type"": 3, ""jump_pos_rate"": 0, ""jump_uv"": 18, ""jump_total_uv"": 216}, {""jump_pos_type"": 4, ""jump_pos_rate"": 0, ""jump_uv"": 14, ""jump_total_uv"": 216}, {""jump_pos_type"": 5, ""jump_pos_rate"": 0, ""jump_uv"": 92, ""jump_total_uv"": 216}]","[{""dimension_value"": ""1"", ""read_uv"": 1}, {""dimension_value"": ""2"", ""read_uv"": 25}, {""dimension_value"": ""3"", ""read_uv"": 163}, {""dimension_value"": ""4"", ""read_uv"": 33}, {""dimension_value"": ""5"", ""read_uv"": 8}]","[{""dimension_value"": ""女"", ""read_uv"": 32}, {""dimension_value"": ""男"", ""read_uv"": 198}]","[{""dimension_value"": ""广东省"", ""read_uv"": 45}, {""dimension_value"": ""北京市"", ""read_uv"": 33}, {""dimension_value"": ""上海市"", ""read_uv"": 27}, {""dimension_value"": ""江苏省"", ""read_uv"": 24}, {""dimension_value"": ""浙江省"", ""read_uv"": 21}, {""dimension_value"": ""陕西省"", ""read_uv"": 12}, {""dimension_value"": ""四川省"", ""read_uv"": 11}, {""dimension_value"": ""安徽省"", ""read_uv"": 11}, {""dimension_value"": ""山东省"", ""read_uv"": 9}, {""dimension_value"": ""湖北省"", ""read_uv"": 6}, {""dimension_value"": ""未知"", ""read_uv"": 5}, {""dimension_value"": ""重庆市"", ""read_uv"": 5}, {""dimension_value"": ""河北省"", ""read_uv"": 3}, {""dimension_value"": ""河南省"", ""read_uv"": 3}, {""dimension_value"": ""天津市"", ""read_uv"": 3}, {""dimension_value"": ""湖南省"", ""read_uv"": 3}, {""dimension_value"": ""江西省"", ""read_uv"": 2}, {""dimension_value"": ""辽宁省"", ""read_uv"": 2}, {""dimension_value"": ""福建省"", ""read_uv"": 2}, {""dimension_value"": ""贵州省"", ""read_uv"": 1}, {""dimension_value"": ""内蒙古自治区"", ""read_uv"": 1}, {""dimension_value"": ""云南省"", ""read_uv"": 1}]",35,16,97,91,4098
2,三年没更新后，我用73篇文章给公众号做了一次体检,张大刀修炼手册,张大刀修炼手册,2026-07-06 08:00:00,https://mp.weixin.qq.com/s/TRu_u9ykfbJg0l419Ktc8g,G:\project\05 个人\分析助手\output_publish_check\articles\0002 三年没更新后，我用73篇文章给公众号做了一次体检.md,"{""has_agreement_ad"": 0, ""is_recruit_agreement_ad"": 0}","{""appmsg_album_infos"": []}",2,0,2247502584,[],0,0,1,"{""is_user_no_claim_source"": 1}",0,4591519767466344448,5,11,1,https://mmbiz.qpic.cn/mmbiz_jpg/LM6PGlrkNPqJ6oPf7rMWhgSLDJhSwTNG5LaV9GkJG7DhM9ib1Kh7pxIhpNEaOC8Joknetib00icI1nw9AzPCn0z9iaT4CnhO5iaWkxGFgmeOAzyk/0?wx_fmt=jpeg,,,0,True,0,False,,0,0,0,True,0,1,6,"{""use_line"": 1, ""line_count"": 0, ""send_time"": 1783296064, ""is_appmsg_flag"": 1, ""is_use_flag"": 0}",0,[],1,还可以修改3次,0,0,9,0,,,https://mmbiz.qpic.cn/sz_mmbiz_jpg/LM6PGlrkNPpqZyBQuMwtbSGPrPY1ncFhMSJYACZVg2JFMgyYKZ8LeXiawdRZObleq907yz2JJRhcEUgzYu7VWRIdQGrLicSScnrBQSb6jvxo0/0?wx_fmt=jpeg,"{""public_tag_list"": [], ""modify_times"": 0, ""init_tag_list_size"": 0}",100018453,77,1000000086,0,101,"{""msg_status"": 2, ""refuse_reason"": """", ""reject_index_list"": [], ""update_time"": 1783296091}","{""total"": 4105, ""succ"": 4105, ""fail"": 0, ""progress"": 100, ""userprotect"": 0}",101,0,,,4591519785803841536,[],3,0,0,[],15,[],,51,0,9,0.574257433414,1,9,0,0,0,101,3,6,[],"[{""ref_date"": ""2026-07-06"", ""scene"": 9999, ""read_user"": 77, ""share_user"": 3}, {""ref_date"": ""2026-07-07"", ""scene"": 9999, ""read_user"": 6, ""share_user"": 0}, {""ref_date"": ""2026-07-09"", ""scene"": 9999, ""read_user"": 11, ""share_user"": 0}, {""ref_date"": ""2026-07-10"", ""scene"": 9999, ""read_user"": 1, ""share_user"": 0}, {""ref_date"": ""2026-07-11"", ""scene"": 9999, ""read_user"": 1, ""share_user"": 0}, {""ref_date"": ""2026-07-12"", ""scene"": 9999, ""read_user"": 2, ""share_user"": 0}, {""ref_date"": ""2026-07-13"", ""scene"": 9999, ""read_user"": 1, ""share_user"": 0}, {""ref_date"": ""2026-07-14"", ""scene"": 9999, ""read_user"": 2, ""share_user"": 0}, {""ref_date"": ""2026-07-06"", ""scene"": 0, ""read_user"": 62, ""share_user"": 0}, {""ref_date"": ""2026-07-06"", ""scene"": 1, ""read_user"": 7, ""share_user"": 0}, {""ref_date"": ""2026-07-06"", ""scene"": 4, ""read_user"": 5, ""share_user"": 0}, {""ref_date"": ""2026-07-06"", ""scene"": 5, ""read_user"": 2, ""share_user"": 0}, {""ref_date"": ""2026-07-06"", ""scene"": 6, ""read_user"": 4, ""share_user"": 0}, {""ref_date"": ""2026-07-06"", ""scene"": 7, ""read_user"": 1, ""share_user"": 0}, {""ref_date"": ""2026-07-07"", ""scene"": 0, ""read_user"": 4, ""share_user"": 0}, {""ref_date"": ""2026-07-07"", ""scene"": 5, ""read_user"": 1, ""share_user"": 0}, {""ref_date"": ""2026-07-07"", ""scene"": 6, ""read_user"": 1, ""share_user"": 0}, {""ref_date"": ""2026-07-09"", ""scene"": 4, ""read_user"": 2, ""share_user"": 0}, {""ref_date"": ""2026-07-09"", ""scene"": 6, ""read_user"": 9, ""share_user"": 0}, {""ref_date"": ""2026-07-10"", ""scene"": 4, ""read_user"": 1, ""share_user"": 0}, {""ref_date"": ""2026-07-11"", ""scene"": 4, ""read_user"": 1, ""share_user"": 0}, {""ref_date"": ""2026-07-12"", ""scene"": 4, ""read_user"": 1, ""share_user"": 0}, {""ref_date"": ""2026-07-12"", ""scene"": 7, ""read_user"": 1, ""share_user"": 0}, {""ref_date"": ""2026-07-13"", ""scene"": 0, ""read_user"": 1, ""share_user"": 0}, {""ref_date"": ""2026-07-13"", ""scene"": 4, ""read_user"": 1, ""share_user"": 0}, {""ref_date"": ""2026-07-13"", ""scene"": 5, ""read_user"": 1, ""share_user"": 0}, {""ref_date"": ""2026-07-13"", ""scene"": 7, ""read_user"": 1, ""share_user"": 0}, {""ref_date"": ""2026-07-14"", ""scene"": 4, ""read_user"": 2, ""share_user"": 0}]","[{""jump_pos_type"": 1, ""jump_pos_rate"": 0, ""jump_uv"": 14, ""jump_total_uv"": 95}, {""jump_pos_type"": 2, ""jump_pos_rate"": 0, ""jump_uv"": 9, ""jump_total_uv"": 95}, {""jump_pos_type"": 3, ""jump_pos_rate"": 0, ""jump_uv"": 5, ""jump_total_uv"": 95}, {""jump_pos_type"": 4, ""jump_pos_rate"": 0, ""jump_uv"": 2, ""jump_total_uv"": 95}, {""jump_pos_type"": 5, ""jump_pos_rate"": 0, ""jump_uv"": 65, ""jump_total_uv"": 95}]","[{""dimension_value"": ""1"", ""read_uv"": 1}, {""dimension_value"": ""2"", ""read_uv"": 5}, {""dimension_value"": ""3"", ""read_uv"": 75}, {""dimension_value"": ""4"", ""read_uv"": 13}, {""dimension_value"": ""5"", ""read_uv"": 5}, {""dimension_value"": ""7"", ""read_uv"": 2}]","[{""dimension_value"": ""女"", ""read_uv"": 12}, {""dimension_value"": ""未知"", ""read_uv"": 2}, {""dimension_value"": ""男"", ""read_uv"": 87}]","[{""dimension_value"": ""北京市"", ""read_uv"": 17}, {""dimension_value"": ""安徽省"", ""read_uv"": 13}, {""dimension_value"": ""广东省"", ""read_uv"": 12}, {""dimension_value"": ""上海市"", ""read_uv"": 10}, {""dimension_value"": ""江苏省"", ""read_uv"": 10}, {""dimension_value"": ""四川省"", ""read_uv"": 6}, {""dimension_value"": ""浙江省"", ""read_uv"": 6}, {""dimension_value"": ""陕西省"", ""read_uv"": 5}, {""dimension_value"": ""天津市"", ""read_uv"": 4}, {""dimension_value"": ""辽宁省"", ""read_uv"": 4}, {""dimension_value"": ""未知"", ""read_uv"": 3}, {""dimension_value"": ""河南省"", ""read_uv"": 2}, {""dimension_value"": ""湖北省"", ""read_uv"": 2}, {""dimension_value"": ""重庆市"", ""read_uv"": 2}, {""dimension_value"": ""新疆维吾尔自治区"", ""read_uv"": 1}, {""dimension_value"": ""山东省"", ""read_uv"": 1}, {""dimension_value"": ""海南省"", ""read_uv"": 1}, {""dimension_value"": ""甘肃省"", ""read_uv"": 1}, {""dimension_value"": ""台湾省"", ""read_uv"": 1}]",3,0,7,67,4105
3,[算法开发实用技巧案例一]：合理使用动态库,张大刀修炼手册,张大刀修炼手册,2024-06-19 20:00:00,https://mp.weixin.qq.com/s/mHDzQehJG_2OVUuUIBJiIw,G:\project\05 个人\分析助手\output_publish_check\articles\0003 [算法开发实用技巧案例一]：合理使用动态库.md,"{""has_agreement_ad"": 0, ""is_recruit_agreement_ad"": 0}","{""appmsg_album_infos"": []}",2,0,2247502490,[],0,0,1,,0,3509700371075891209,0,11,1,https://mmbiz.qpic.cn/mmbiz_jpg/xH40kQxnnibEtRoIXoQjIbetmIRX7pfj9yRYVsWZbXaicHgBMIRYibMDBVj4JicamP5N5HI03rvPz7T8Teq4XAxrzA/0?wx_fmt=jpeg,,,0,False,0,False,,0,0,0,,0,1,0,"{""use_line"": 1, ""line_count"": 1, ""send_time"": 1718798459, ""is_appmsg_flag"": 1, ""is_use_flag"": 0}",0,[],1,还可以修改3次,0,0,9,0,,,https://mmbiz.qpic.cn/mmbiz_jpg/xH40kQxnnibEtRoIXoQjIbetmIRX7pfj9hG3cxot71cJDpCTBz107dEZuBNcbNPutTZsDZPcR1tibjHsaGejcIzA/0?wx_fmt=jpeg,"{""public_tag_list"": [], ""modify_times"": 0, ""init_tag_list_size"": 0}",100018827,77,1000000084,0,101,"{""msg_status"": 2, ""refuse_reason"": """", ""reject_index_list"": [], ""update_time"": 1752674442}","{""total"": 4196, ""succ"": 4196, ""fail"": 0, ""progress"": 100, ""userprotect"": 0}",360,0,,,,[],21,0,0,[],0,[],analysis page parsing failed,,,,,,,,,,,,,,,,,,,,,,,
4,[视觉大模型基础篇一]：自注意力机制,张大刀修炼手册,张大刀修炼手册,2023-10-31 10:36:46,https://mp.weixin.qq.com/s/jOvBJXB1IplhSfUrOd59cQ,G:\project\05 个人\分析助手\output_publish_check\articles\0004 [视觉大模型基础篇一]：自注意力机制.md,"{""has_agreement_ad"": 0, ""is_recruit_agreement_ad"": 0}","{""appmsg_album_infos"": []}",2,0,2247502472,[],0,0,1,,0,,,11,1,https://mmbiz.qpic.cn/mmbiz_jpg/xH40kQxnnibFrARKreibcnJ1pkVibcU2Mz1rqIKjib5yfYRX7JEkrWoRL3bqN0F5MCHL5PEM9A0ZEmNGL2oibZaVDpw/0?wx_fmt=jpeg,,,0,,0,False,,0,0,0,,0,1,2,"{""use_line"": 1, ""line_count"": 0, ""send_time"": 1698719806, ""is_appmsg_flag"": 1, ""is_use_flag"": 0}",0,[],1,还可以修改3次,0,0,17,1,https://mmbiz.qpic.cn/mmbiz_jpg/xH40kQxnnibFrARKreibcnJ1pkVibcU2Mz18dCia1t4MhxPTxsu3wurJKglU6qoUiclRebcQFJEymUo8DhhKZCnaWdQ/0?wx_fmt=jpeg,,https://mmbiz.qpic.cn/mmbiz_jpg/xH40kQxnnibFrARKreibcnJ1pkVibcU2Mz18dCia1t4MhxPTxsu3wurJKglU6qoUiclRebcQFJEymUo8DhhKZCnaWdQ/0?wx_fmt=jpeg,"{""public_tag_list"": [], ""modify_times"": 0, ""init_tag_list_size"": 0}",100018454,77,1000000083,0,101,"{""msg_status"": 2, ""refuse_reason"": """", ""reject_index_list"": [], ""update_time"": 1752674443}","{""total"": 3963, ""succ"": 3963, ""fail"": 0, ""progress"": 100, ""userprotect"": 0}",916,2,,,,[],38,0,0,[],,[],analysis page parsing failed,,,,,,,,,,,,,,,,,,,,,,,
5,【文末赠书】年内实现全面自动驾驶？快来恶补一下自动驾驶技术吧！,张大刀修炼手册,,2023-08-02 12:00:00,https://mp.weixin.qq.com/s?__biz=MzU3ODk2Njc5Mg==&tempkey=MTM4M19qT2RwOUtqWk9NSkg2aDAvOEM2LTBLMTV2ZXBoMGR4ZmZMcjZ6MFQwNnNxV2IyaDI0TWRnZElwcEtCTUpLODItTlZTQk9MYUoxU09mS2N0bk85OFFhbWlCTjduTGdUTVhGajJSbmUzczF1Z0twU3loVkZ4aE9jVFZOSE9QRXAyYWI1MFV4aFBMOUZkYnpnOHZjbXlmUVY3dVdqWFRBYWdqTlhJSDl3fn4%3D&chksm=fd6fcd69ca18447f4e5c9c0f9917b2677346d64e00ba4f8c027780d0099ccb9ae9b6a513feca#rd,G:\project\05 个人\分析助手\output_publish_check\articles\0005 【文末赠书】年内实现全面自动驾驶？快来恶补一下自动驾驶技术吧！.md,"{""has_agreement_ad"": 0, ""is_recruit_agreement_ad"": 0}","{""appmsg_album_infos"": []}",2,,2247502094,[],,0,,,0,,,100,0,https://mmbiz.qpic.cn/mmbiz_jpg/xH40kQxnnibEwyFlVaia1L8poOtVqDj9WDyJGNlRHm5eg8K11QzSAYxAq2YYTMPTS1Tabpny0KzVrBpfpdOZJHSQ/0?wx_fmt=jpeg,,1691803634,0,,0,True,,0,0,0,,0,1,1,"{""use_line"": 1, ""line_count"": 0, ""send_time"": 1690948857, ""is_appmsg_flag"": 1, ""is_use_flag"": 0}",0,[],,,0,0,3,1,https://mmbiz.qpic.cn/mmbiz_jpg/xH40kQxnnibEwyFlVaia1L8poOtVqDj9WDuHRUVygJGLG1vBDJlQmjVMIJXKCAYbM6FiaOHo63dEccsV2em25PoKA/0?wx_fmt=jpeg,,https://mmbiz.qpic.cn/mmbiz_jpg/xH40kQxnnibEwyFlVaia1L8poOtVqDj9WDuHRUVygJGLG1vBDJlQmjVMIJXKCAYbM6FiaOHo63dEccsV2em25PoKA/0?wx_fmt=jpeg,"{""public_tag_list"": [], ""modify_times"": 0, ""init_tag_list_size"": 0}",100018444,77,1000000081,0,101,"{""msg_status"": 7, ""refuse_reason"": """", ""reject_index_list"": [], ""msg_fail_reason"": ""该内容已被删除，你的粉丝在“查看历史消息”中将无法查看该内容"", ""update_time"": 1752674443}","{""total"": 3871, ""succ"": 3871, ""fail"": 0, ""progress"": 100, ""userprotect"": 0}",165,,,,,[],0,0,0,[],,[],analysis page parsing failed,,,,,,,,,,,,,,,,,,,,,,,
6,【文末赠书】年内实现全面自动驾驶？快来恶补一下自动驾驶技术吧！,张大刀修炼手册,,2023-07-28 17:59:51,https://mp.weixin.qq.com/s?__biz=MzU3ODk2Njc5Mg==&tempkey=MTM4M195ZWFZQWEreEw3dVY2Mk1KOEM2LTBLMTV2ZXBoMGR4ZmZMcjZ6MFQwNnNxV2IyaDI0TWRnZElwcEtCT0d3bUpsdXBFeVdZdGVRbTJiT1JTUmMwVm1KZ1lydFB3NElIOXRia0RkUzNzZUZVMWVyeEVuWWp2WHZRQXYwd2tGZE9OemdybzJqZTF6RGZGNjNKRm1VcVhiUGRsN2d4UWJFUlIza2c5UHdBfn4%3D&chksm=fd6fcd6cca18447a398151fad6d5c2fd59189f53c73eb51c5cdcf65ef0442a5e345e6d9785e9#rd,G:\project\05 个人\分析助手\output_publish_check\articles\0006 【文末赠书】年内实现全面自动驾驶？快来恶补一下自动驾驶技术吧！.md,"{""has_agreement_ad"": 0, ""is_recruit_agreement_ad"": 0}","{""appmsg_album_infos"": []}",2,,2247502091,[],,0,,,0,,,100,0,https://mmbiz.qpic.cn/mmbiz_jpg/xH40kQxnnibEwyFlVaia1L8poOtVqDj9WDyJGNlRHm5eg8K11QzSAYxAq2YYTMPTS1Tabpny0KzVrBpfpdOZJHSQ/0?wx_fmt=jpeg,,1690538900,0,,0,True,,0,0,0,,0,1,1,"{""use_line"": 1, ""line_count"": 0, ""send_time"": 1690538676, ""is_appmsg_flag"": 1, ""is_use_flag"": 0}",0,[],,,0,0,1,1,https://mmbiz.qpic.cn/mmbiz_jpg/xH40kQxnnibEwyFlVaia1L8poOtVqDj9WDuHRUVygJGLG1vBDJlQmjVMIJXKCAYbM6FiaOHo63dEccsV2em25PoKA/0?wx_fmt=jpeg,,https://mmbiz.qpic.cn/mmbiz_jpg/xH40kQxnnibEwyFlVaia1L8poOtVqDj9WDuHRUVygJGLG1vBDJlQmjVMIJXKCAYbM6FiaOHo63dEccsV2em25PoKA/0?wx_fmt=jpeg,"{""public_tag_list"": [], ""modify_times"": 0, ""init_tag_list_size"": 0}",100018434,77,1000000080,0,101,"{""msg_status"": 7, ""refuse_reason"": """", ""reject_index_list"": [], ""msg_fail_reason"": ""该内容已被删除，你的粉丝在“查看历史消息”中将无法查看该内容"", ""update_time"": 1752674443}","{""total"": 3864, ""succ"": 3864, ""fail"": 0, ""progress"": 100, ""userprotect"": 0}",13,,,,,[],0,0,0,[],,[],analysis page parsing failed,,,,,,,,,,,,,,,,,,,,,,,
7,B站22万粉的硬核科技UP主，带你玩转7月AI训练营，限时免费，快来一起参加！,张大刀修炼手册,,2023-07-24 12:00:00,https://mp.weixin.qq.com/s?__biz=MzU3ODk2Njc5Mg==&tempkey=MTM4M19JUmdLTzl5SkphTVc1NlRuOEM2LTBLMTV2ZXBoMGR4ZmZMcjZ6MFQwNnNxV2IyaDI0TWRnZElwcEtCTXM4OGdKRFE0MENDVjB5Tm1BcGxlMzltUTFCZ2xkVnlWX1VrUDVjT2xfYzBuNWRuYWRfMTlOOG8yY191a3BCSG50N3hEMURiQkhkZjdRZ3FBMDkwS2d2aU5MZFB0X3dFdDB4eDhHTl94UTNnfn4%3D&chksm=fd6fcc9cca18458ab49cbf67a51b275c5a99a88da6dbb96c8e0a8f08515a5513ea2dd229689d#rd,G:\project\05 个人\分析助手\output_publish_check\articles\0007 B站22万粉的硬核科技UP主，带你玩转7月AI训练营，限时免费，快来一起参加！.md,"{""has_agreement_ad"": 0, ""is_recruit_agreement_ad"": 0}","{""appmsg_album_infos"": []}",2,,2247502075,[],,0,,,0,,,201,2,https://mmbiz.qpic.cn/mmbiz_jpg/Vic6gHkjpdfkS61xs8o3c4iblIKTicZ8hQg81PiboiaXuMvCts0V1tricW9hicHROTbZdlBHzJbYMfic3yks8toHLDhNDw/0?wx_fmt=jpeg,,1691803646,0,,0,True,0,0,0,0,,0,1,1,"{""use_line"": 1, ""line_count"": 0, ""send_time"": 1690171384, ""is_appmsg_flag"": 1, ""is_use_flag"": 0}",0,[],,,0,0,3,1,https://mmbiz.qpic.cn/mmbiz_jpg/Vic6gHkjpdfkS61xs8o3c4iblIKTicZ8hQg81PiboiaXuMvCts0V1tricW9hicHROTbZdlBHzJbYMfic3yks8toHLDhNDw/0?wx_fmt=jpeg,,https://mmbiz.qpic.cn/mmbiz_jpg/Vic6gHkjpdfkS61xs8o3c4iblIKTicZ8hQg81PiboiaXuMvCts0V1tricW9hicHROTbZdlBHzJbYMfic3yks8toHLDhNDw/0?wx_fmt=jpeg,"{""public_tag_list"": [], ""modify_times"": 0, ""init_tag_list_size"": 0}",100018426,77,1000000079,0,101,"{""msg_status"": 7, ""refuse_reason"": """", ""reject_index_list"": [], ""msg_fail_reason"": ""该内容已被删除，你的粉丝在“查看历史消息”中将无法查看该内容"", ""update_time"": 1752674443}","{""total"": 3852, ""succ"": 3852, ""fail"": 0, ""progress"": 100, ""userprotect"": 0}",140,,,,,[],0,0,0,[],,[],analysis page parsing failed,,,,,,,,,,,,,,,,,,,,,,,
8,算法部署服务实战--代码篇,张大刀修炼手册,张大刀修炼手册,2023-07-12 18:26:11,https://mp.weixin.qq.com/s/JrkRpIgTDtq6WN-hM8NwSA,G:\project\05 个人\分析助手\output_publish_check\articles\0008 算法部署服务实战--代码篇.md,"{""has_agreement_ad"": 0, ""is_recruit_agreement_ad"": 0}","{""appmsg_album_infos"": []}",2,1,2247502073,[],0,0,1,,0,,,11,1,https://mmbiz.qpic.cn/mmbiz_jpg/xH40kQxnnibG28EyuTu6rkDsCWN2P6hwNdjldL6YblGq2JKNPW5YOftn3Es4ovNRXkugLhJ4Znd8CvMKicicxt0mw/0?wx_fmt=jpeg,,,0,,0,False,,0,0,0,,0,1,6,"{""use_line"": 1, ""line_count"": 0, ""send_time"": 1689157571, ""is_appmsg_flag"": 1, ""is_use_flag"": 0}",0,"[""第1次修改 2023年07月27日 17时03分 ""]",1,还可以修改2次,0,0,26,1,https://mmbiz.qpic.cn/mmbiz_jpg/xH40kQxnnibG28EyuTu6rkDsCWN2P6hwNIlTtutdYyDjpbtRrOhXPGG6HTy0u3UfvsNGrxNgn6etJDKXp2icvwQA/0?wx_fmt=jpeg,,https://mmbiz.qpic.cn/mmbiz_jpg/xH40kQxnnibG28EyuTu6rkDsCWN2P6hwNIlTtutdYyDjpbtRrOhXPGG6HTy0u3UfvsNGrxNgn6etJDKXp2icvwQA/0?wx_fmt=jpeg,"{""public_tag_list"": [], ""modify_times"": 0, ""init_tag_list_size"": 0}",100018230,77,1000000078,0,101,"{""msg_status"": 2, ""refuse_reason"": """", ""reject_index_list"": [], ""update_time"": 1752674444}","{""total"": 3748, ""succ"": 3748, ""fail"": 0, ""progress"": 100, ""userprotect"": 0}",1257,7,,,,[],19,0,0,[],,[],analysis page parsing failed,,,,,,,,,,,,,,,,,,,,,,,
9,算法部署服务实战--分析,张大刀修炼手册,张大刀修炼手册,2023-06-30 17:11:00,https://mp.weixin.qq.com/s/eot_jnRQ4n1k-VkvIuJtYw,G:\project\05 个人\分析助手\output_publish_check\articles\0009 算法部署服务实战--分析.md,"{""has_agreement_ad"": 0, ""is_recruit_agreement_ad"": 0}","{""appmsg_album_infos"": []}",2,0,2247501877,[],0,0,1,,0,,,11,1,https://mmbiz.qpic.cn/mmbiz_jpg/xH40kQxnnibEibLOUPUBshltIjSEOh6FsicpkoLYJEhls20dHltnKdxoF4ZKckRHt6Qg6OjjhykHBgb2nCRFIO5oQ/0?wx_fmt=jpeg,,,0,,0,False,,0,0,0,,0,1,7,"{""use_line"": 1, ""line_count"": 0, ""send_time"": 1688116262, ""is_appmsg_flag"": 1, ""is_use_flag"": 0}",0,[],1,还可以修改3次,0,0,28,1,https://mmbiz.qpic.cn/mmbiz_jpg/xH40kQxnnibEibLOUPUBshltIjSEOh6Fsicy4vYHKsS1MbhoouXnRqZU0ciaaYHf4pObmW3a81f7lfyHE12XdoK8JQ/0?wx_fmt=jpeg,,https://mmbiz.qpic.cn/mmbiz_jpg/xH40kQxnnibEibLOUPUBshltIjSEOh6Fsicy4vYHKsS1MbhoouXnRqZU0ciaaYHf4pObmW3a81f7lfyHE12XdoK8JQ/0?wx_fmt=jpeg,"{""public_tag_list"": [], ""modify_times"": 0, ""init_tag_list_size"": 0}",100017045,77,1000000077,0,101,"{""msg_status"": 2, ""refuse_reason"": """", ""reject_index_list"": [], ""update_time"": 1752674444}","{""total"": 3698, ""succ"": 3698, ""fail"": 0, ""progress"": 100, ""userprotect"": 0}",1033,2,,,,[],21,0,0,[],,[],analysis page parsing failed,,,,,,,,,,,,,,,,,,,,,,,
10,实战不平衡少样本数据集的算法方案,张大刀修炼手册,张大刀修炼手册,2023-05-31 08:00:00,https://mp.weixin.qq.com/s/NTN3tCCUQy0UAFzRfdDhpg,G:\project\05 个人\分析助手\output_publish_check\articles\0010 实战不平衡少样本数据集的算法方案.md,"{""has_agreement_ad"": 0, ""is_recruit_agreement_ad"": 0}","{""appmsg_album_infos"": []}",2,0,2247501770,[],0,0,1,,0,,,11,1,https://mmbiz.qpic.cn/mmbiz_jpg/xH40kQxnnibG5rroXBMmicNOIEpfMsx20cBAEAuRvZEfKfCXwyCAAZBaBqibkG5BZhSfE8bTGRNcGUUJaiaWrFBibyQ/0?wx_fmt=jpeg,,,0,,0,False,,0,0,0,,0,1,3,"{""use_line"": 1, ""line_count"": 0, ""send_time"": 1685491262, ""is_appmsg_flag"": 1, ""is_use_flag"": 0}",0,[],1,还可以修改3次,0,0,21,1,https://mmbiz.qpic.cn/mmbiz_jpg/xH40kQxnnibG5rroXBMmicNOIEpfMsx20c0IBOfOQFOul2UblUapTLbmlUHtyNsKvU0UjTGIOnT0zMFD49DLOPJg/0?wx_fmt=jpeg,,https://mmbiz.qpic.cn/mmbiz_jpg/xH40kQxnnibG5rroXBMmicNOIEpfMsx20c0IBOfOQFOul2UblUapTLbmlUHtyNsKvU0UjTGIOnT0zMFD49DLOPJg/0?wx_fmt=jpeg,"{""public_tag_list"": [], ""modify_times"": 0, ""init_tag_list_size"": 0}",100017679,77,1000000076,0,101,"{""msg_status"": 2, ""refuse_reason"": """", ""reject_index_list"": [], ""update_time"": 1752674444}","{""total"": 3602, ""succ"": 3602, ""fail"": 0, ""progress"": 100, ""userprotect"": 0}",805,4,,,,[],15,0,0,[],,[],analysis page parsing failed,,,,,,,,,,,,,,,,,,,,,,,
11,AidLux AIGC实战训练营开营！,张大刀修炼手册,,2023-05-24 18:44:00,https://mp.weixin.qq.com/s?__biz=MzU3ODk2Njc5Mg==&tempkey=MTM4M18vWVV0WmN0TXJ4S2tEblg1OEM2LTBLMTV2ZXBoMGR4ZmZMcjZ6MFQwNnNxV2IyaDI0TWRnZElwcEtCTWU5SUNiMGs0dDlmQm9xZGpWV2tZMkszdEZPR25md3hTZGVFZWY2LUFPUHVfSHB4ZFFaMXd1TTlkVHFKZG5ldnlpamhLRGk1VUpyaUhSOUJYWi16QTJqZXJTdl90TV9aZGlaMUIwdGRzcmp3fn4%3D&chksm=fd6fc269ca184b7f2103ac06595f777a102494609e8254765ccde5679b58f752183e28b66996#rd,G:\project\05 个人\分析助手\output_publish_check\articles\0011 AidLux AIGC实战训练营开营！.md,"{""has_agreement_ad"": 0, ""is_recruit_agreement_ad"": 0}","{""appmsg_album_infos"": []}",2,,2247501326,[],,0,,,0,,,201,2,https://mmbiz.qpic.cn/mmbiz_jpg/Vic6gHkjpdflvibTNmx85icVpnD0TJib4b8srks2iaOquKS5F6sP79k6icLKsveQEAjsCYDXkXUA8NOvh1f67ibGtD4Kw/0?wx_fmt=jpeg,ZQW,1783641359,0,,0,True,0,0,0,0,,0,1,3,"{""use_line"": 1, ""line_count"": 0, ""send_time"": 1684925092, ""is_appmsg_flag"": 1, ""is_use_flag"": 0}",0,[],,,0,0,6,1,https://mmbiz.qpic.cn/mmbiz_jpg/Vic6gHkjpdflvibTNmx85icVpnD0TJib4b8srks2iaOquKS5F6sP79k6icLKsveQEAjsCYDXkXUA8NOvh1f67ibGtD4Kw/0?wx_fmt=jpeg,,https://mmbiz.qpic.cn/mmbiz_jpg/Vic6gHkjpdflvibTNmx85icVpnD0TJib4b8srks2iaOquKS5F6sP79k6icLKsveQEAjsCYDXkXUA8NOvh1f67ibGtD4Kw/0?wx_fmt=jpeg,"{""public_tag_list"": [], ""modify_times"": 0, ""init_tag_list_size"": 0}",100017677,77,1000000075,0,101,"{""msg_status"": 7, ""refuse_reason"": """", ""reject_index_list"": [], ""msg_fail_reason"": ""该内容已被删除，你的粉丝在“查看历史消息”中将无法查看该内容"", ""update_time"": 1783641359}","{""total"": 3591, ""succ"": 3591, ""fail"": 0, ""progress"": 100, ""userprotect"": 0}",141,,,,,[],0,0,0,[],,[],analysis page parsing failed,,,,,,,,,,,,,,,,,,,,,,,
12,五月《AI实战共学计划》，3门课程，安防&无人机&人脸识别，开启报名啦！,张大刀修炼手册,,2023-05-04 12:35:57,https://mp.weixin.qq.com/s?__biz=MzU3ODk2Njc5Mg==&tempkey=MTM4M192TDhHNjVkVHAvL2JCYTVrOEM2LTBLMTV2ZXBoMGR4ZmZMcjZ6MFQwNnNxV2IyaDI0TWRnZElwcEtCT0hzVTlGdEl5UVo3UU1TdEpUQlo1SktsZVZkZFFObjNnSjNrbmdPa3drUC1OMkJoX3pOeDQ4TENIT1M5TndQVFVTTHlTS2xpZVFwbnA1VUo1TURKTnEtSU1DbGFwdHFvZmRody1mTXFIZl9Bfn4%3D&chksm=fd6fc199ca18488faf3d2aee7231fdf2552892946121a1bcefce7bb7187919247ec545161e8a#rd,G:\project\05 个人\分析助手\output_publish_check\articles\0012 五月《AI实战共学计划》，3门课程，安防&无人机&人脸识别，开启报名啦！.md,"{""has_agreement_ad"": 0, ""is_recruit_agreement_ad"": 0}","{""appmsg_album_infos"": []}",2,,2247501310,[],,0,,,0,,,100,0,https://mmbiz.qpic.cn/mmbiz_jpg/xH40kQxnnibGKhVVa7rHNyGXibibIFNgibBjfKuftRxmpclJECOC83fI1yNjn5Vmg1Bt4BHJCYOKbxhicDEoYcrz8Jw/0?wx_fmt=jpeg,,1683638571,0,,0,True,,0,0,0,,0,1,2,"{""use_line"": 1, ""line_count"": 0, ""send_time"": 1683174972, ""is_appmsg_flag"": 1, ""is_use_flag"": 0}",0,[],,,0,0,5,1,https://mmbiz.qpic.cn/mmbiz_jpg/xH40kQxnnibGKhVVa7rHNyGXibibIFNgibBjmy7OC5DQJvqrTNRheia6tpqxpGgdiaO6QXUbyiagT9moN9qmvsGn8SElg/0?wx_fmt=jpeg,,https://mmbiz.qpic.cn/mmbiz_jpg/xH40kQxnnibGKhVVa7rHNyGXibibIFNgibBjmy7OC5DQJvqrTNRheia6tpqxpGgdiaO6QXUbyiagT9moN9qmvsGn8SElg/0?wx_fmt=jpeg,"{""public_tag_list"": [], ""modify_times"": 0, ""init_tag_list_size"": 0}",100017659,77,1000000074,0,101,"{""msg_status"": 7, ""refuse_reason"": """", ""reject_index_list"": [], ""msg_fail_reason"": ""该内容已被删除，你的粉丝在“查看历史消息”中将无法查看该内容"", ""update_time"": 1752674444}","{""total"": 3546, ""succ"": 3546, ""fail"": 0, ""progress"": 100, ""userprotect"": 0}",86,,,,,[],0,0,0,[],,[],analysis page parsing failed,,,,,,,,,,,,,,,,,,,,,,,
13,分割大一统——Segment Anything深度体验,张大刀修炼手册,张大刀修炼手册,2023-04-07 17:30:00,https://mp.weixin.qq.com/s/qtk1Ds3hdNi4NOwrw2tDrg,G:\project\05 个人\分析助手\output_publish_check\articles\0013 分割大一统——Segment Anything深度体验.md,"{""has_agreement_ad"": 0, ""is_recruit_agreement_ad"": 0}","{""appmsg_album_infos"": []}",2,0,2247501297,[],0,0,1,,0,,,11,1,https://mmbiz.qpic.cn/mmbiz_jpg/xH40kQxnnibEwXgniaCw7Uym0KWeYmUrSTLmo6PPj9tgIiaMASEl0dhkQWAZJKEYFZeqXJ0TMaq3FUZRlOs4e1KvQ/0?wx_fmt=jpeg,,,0,,0,False,,0,0,0,,0,1,8,"{""use_line"": 1, ""line_count"": 0, ""send_time"": 1680859839, ""is_appmsg_flag"": 1, ""is_use_flag"": 0}",0,[],1,还可以修改3次,0,0,26,1,https://mmbiz.qpic.cn/mmbiz_jpg/xH40kQxnnibEwXgniaCw7Uym0KWeYmUrSTqBiaMW3ic27OrZjpvpkSic2XykMkQo5nOY1TOm1rREtC75wq5e1LibdJZg/0?wx_fmt=jpeg,,https://mmbiz.qpic.cn/mmbiz_jpg/xH40kQxnnibEwXgniaCw7Uym0KWeYmUrSTqBiaMW3ic27OrZjpvpkSic2XykMkQo5nOY1TOm1rREtC75wq5e1LibdJZg/0?wx_fmt=jpeg,"{""public_tag_list"": [], ""modify_times"": 0, ""init_tag_list_size"": 0}",100017563,77,1000000073,0,101,"{""msg_status"": 2, ""refuse_reason"": """", ""reject_index_list"": [], ""update_time"": 1752674445}","{""total"": 3367, ""succ"": 3367, ""fail"": 0, ""progress"": 100, ""userprotect"": 0}",2738,3,,,,[],17,0,0,[],,[],analysis page parsing failed,,,,,,,,,,,,,,,,,,,,,,,
14,InternImage| 视觉大模型的探索以及实战,张大刀修炼手册,张大刀修炼手册,2023-03-24 21:22:00,https://mp.weixin.qq.com/s/uqQ-zVejaLtOG-iZFteW1A,G:\project\05 个人\分析助手\output_publish_check\articles\0014 InternImage 视觉大模型的探索以及实战.md,"{""has_agreement_ad"": 0, ""is_recruit_agreement_ad"": 0}","{""appmsg_album_infos"": []}",2,0,2247501210,[],0,0,1,,0,,,11,1,https://mmbiz.qpic.cn/mmbiz_jpg/xH40kQxnnibG4tpWJeib0Nwu4JNbMIkibPuCKoKCcpKnxoC6MUfpC3sf9haDRgXI76l2526SI42PuNmkW4qnIyxwg/0?wx_fmt=jpeg,,,0,,0,False,,0,0,0,,0,1,2,"{""use_line"": 1, ""line_count"": 1, ""send_time"": 1679664132, ""is_appmsg_flag"": 1, ""is_use_flag"": 0}",0,[],1,还可以修改3次,0,0,9,1,https://mmbiz.qpic.cn/mmbiz_jpg/xH40kQxnnibG4tpWJeib0Nwu4JNbMIkibPuERDlTNrICdeXQKy41RrnBpOQoRCliazYsmRx8EfoGFeibicRt9b5tl3Fw/0?wx_fmt=jpeg,,https://mmbiz.qpic.cn/mmbiz_jpg/xH40kQxnnibG4tpWJeib0Nwu4JNbMIkibPuERDlTNrICdeXQKy41RrnBpOQoRCliazYsmRx8EfoGFeibicRt9b5tl3Fw/0?wx_fmt=jpeg,"{""public_tag_list"": [], ""modify_times"": 0, ""init_tag_list_size"": 0}",100017054,77,1000000072,0,101,"{""msg_status"": 2, ""refuse_reason"": """", ""reject_index_list"": [], ""update_time"": 1752674445}","{""total"": 3314, ""succ"": 3314, ""fail"": 0, ""progress"": 100, ""userprotect"": 0}",493,3,,,,[],9,0,0,[],,[],analysis page parsing failed,,,,,,,,,,,,,,,,,,,,,,,
15,AidLux动态人脸识别AI实战训练营活动正式开启！,张大刀修炼手册,,2023-03-20 08:00:00,https://mp.weixin.qq.com/s?__biz=MzU3ODk2Njc5Mg==&tempkey=MTM4M18wVGRLVUhHY0huUFYyRUljOEM2LTBLMTV2ZXBoMGR4ZmZMcjZ6MFQwNnNxV2IyaDI0TWRnZElwcEtCUHBKLTNERExFSC11bTJqOERpMTBVRXprRHVTbnlMYUZKekRjNG5XODV6NGZQbURnanhOdjFWUk9FX0JTdnJDRmFTb3g1Y0Z3SVJWX2hUZDQ5REh6R1BBc0hEYmRkVEpHNGgtM1ZDbWNOUTdRfn4%3D&chksm=fd6fc7faca184eecb291c0467631c17f07553692590b43623ec7892887d66df38ba88d8df5c9#rd,G:\project\05 个人\分析助手\output_publish_check\articles\0015 AidLux动态人脸识别AI实战训练营活动正式开启！.md,"{""has_agreement_ad"": 0, ""is_recruit_agreement_ad"": 0}","{""appmsg_album_infos"": []}",2,,2247500701,[],,0,,,0,,,201,2,https://mmbiz.qpic.cn/mmbiz_jpg/Vic6gHkjpdfm3w74CqiabXMmDcz2ISfsvia4MgkjjrFJK3nFleTMKD5Z5MeDaMOYicYoCCHXibJDtsyDNw8WYRG8O0A/0?wx_fmt=jpeg,,1680147943,0,,0,True,0,0,0,0,,0,1,3,"{""use_line"": 1, ""line_count"": 0, ""send_time"": 1679270446, ""is_appmsg_flag"": 1, ""is_use_flag"": 0}",0,[],,,0,0,4,1,https://mmbiz.qpic.cn/mmbiz_jpg/Vic6gHkjpdfm3w74CqiabXMmDcz2ISfsvia4MgkjjrFJK3nFleTMKD5Z5MeDaMOYicYoCCHXibJDtsyDNw8WYRG8O0A/0?wx_fmt=jpeg,,https://mmbiz.qpic.cn/mmbiz_jpg/Vic6gHkjpdfm3w74CqiabXMmDcz2ISfsvia4MgkjjrFJK3nFleTMKD5Z5MeDaMOYicYoCCHXibJDtsyDNw8WYRG8O0A/0?wx_fmt=jpeg,"{""public_tag_list"": [], ""modify_times"": 0, ""init_tag_list_size"": 0}",100017052,77,1000000070,0,101,"{""msg_status"": 7, ""refuse_reason"": """", ""reject_index_list"": [], ""msg_fail_reason"": ""该内容已被删除，你的粉丝在“查看历史消息”中将无法查看该内容"", ""update_time"": 1752674445}","{""total"": 3298, ""succ"": 3297, ""fail"": 0, ""progress"": 99, ""userprotect"": 0}",76,,,,,[],0,0,0,[],,[],analysis page parsing failed,,,,,,,,,,,,,,,,,,,,,,,
16,AidLux动态人脸识别AI实战训练营活动正式开启！,张大刀修炼手册,,,https://mp.weixin.qq.com/s?__biz=MzU3ODk2Njc5Mg==&tempkey=MTM4M19jcWFMTnNTVTJ3WUZQQ0NOOEM2LTBLMTV2ZXBoMGR4ZmZMcjZ6MFQwNnNxV2IyaDI0TWRnZElwcEtCTkY5SWFGbmZFN2pRLUd6LXY5emFJRDNwdzlQcWtXc19WS2tuYVUzQTRBU0Y1RW9hTWVxWHBHVXotYVFUMFZJalJTaDI4cmo3S1p3UXNLS00wRng2ZDFsRUhlX21ocldSSWd5ekFWR2pPd19Bfn4%3D&chksm=fd6fc7fcca184eea34745b26aba21fc6ee2d39e0e9de59f3ac3ab7a5fe6850afef43035aa3fc#rd,G:\project\05 个人\分析助手\output_publish_check\articles\0016 AidLux动态人脸识别AI实战训练营活动正式开启！.md,"{""has_agreement_ad"": 0, ""is_recruit_agreement_ad"": 0}","{""appmsg_album_infos"": []}",2,,2247500699,[],,0,,,0,,,201,2,https://mmbiz.qpic.cn/mmbiz_jpg/Vic6gHkjpdfm3w74CqiabXMmDcz2ISfsvia4MgkjjrFJK3nFleTMKD5Z5MeDaMOYicYoCCHXibJDtsyDNw8WYRG8O0A/0?wx_fmt=jpeg,,1679230416,0,,0,True,0,0,0,0,,0,1,0,"{""use_line"": 1, ""line_count"": 0, ""send_time"": 1679230380, ""is_appmsg_flag"": 1, ""is_use_flag"": 0}",0,[],,,0,0,0,,https://mmbiz.qpic.cn/mmbiz_jpg/Vic6gHkjpdfm3w74CqiabXMmDcz2ISfsvia4MgkjjrFJK3nFleTMKD5Z5MeDaMOYicYoCCHXibJDtsyDNw8WYRG8O0A/0?wx_fmt=jpeg,https://mmbiz.qpic.cn/mmbiz_jpg/Vic6gHkjpdfm3w74CqiabXMmDcz2ISfsvia4MgkjjrFJK3nFleTMKD5Z5MeDaMOYicYoCCHXibJDtsyDNw8WYRG8O0A/0?wx_fmt=jpeg,https://mmbiz.qpic.cn/mmbiz_jpg/Vic6gHkjpdfm3w74CqiabXMmDcz2ISfsvia4MgkjjrFJK3nFleTMKD5Z5MeDaMOYicYoCCHXibJDtsyDNw8WYRG8O0A/0?wx_fmt=jpeg,"{""public_tag_list"": [], ""modify_times"": 0, ""init_tag_list_size"": 0}",100017050,,2247500699,0,1,"{""reject_index_list"": []}",{},0,,,,,[],0,0,0,[],,[],missing appmsgid/itemidx/publish_date,,,,,,,,,,,,,,,,,,,,,,,
17,AidLux智慧社区AI实战训练营活动正式开启！,张大刀修炼手册,,2023-02-11 23:47:14,https://mp.weixin.qq.com/s?__biz=MzU3ODk2Njc5Mg==&tempkey=MTM4M19KeGYrWWNIWHAzS3ZVRkdHOEM2LTBLMTV2ZXBoMGR4ZmZMcjZ6MFQwNnNxV2IyaDI0TWRnZElwcEtCUEZETXJUYkJVVkFwOVZ0cDU4Q1ZqcFFOYW1RdEJWRy1QbkxNU29jWGlGVnpxUEZJNndYVzR5X2RENmk1cDJsYk15TnVxb1FueVN2X1RIdjdMNjI3bjJCNTFvc3dmMGhLeEZLVzhmbW9IUmFRfn4%3D&chksm=fd6fc7f4ca184ee2a6c5ae1c1da16a02aaad417317e0b37e4e3956c255af365974cdffa8252a#rd,G:\project\05 个人\分析助手\output_publish_check\articles\0017 AidLux智慧社区AI实战训练营活动正式开启！.md,"{""has_agreement_ad"": 0, ""is_recruit_agreement_ad"": 0}","{""appmsg_album_infos"": []}",2,,2247500691,[],,0,,,0,,,100,0,https://mmbiz.qpic.cn/mmbiz_jpg/xH40kQxnnibH2s56CTJJ0Ztnpibw8HicfrgDcLEY0XLkDAFB6TGvd2LHqAoodA3jn7iaPbgd6w47dy4obOuz6ktqZQ/0?wx_fmt=jpeg,,1678767907,0,,0,True,,0,0,0,,0,1,1,"{""use_line"": 1, ""line_count"": 0, ""send_time"": 1676130447, ""is_appmsg_flag"": 1, ""is_use_flag"": 0}",0,[],,,0,0,4,1,https://mmbiz.qpic.cn/mmbiz_jpg/xH40kQxnnibH2s56CTJJ0Ztnpibw8HicfrgPibh3f5gh3Wo1hoJND5K5LqhWkjicEr8M3Q7ot6fgX0TicOkm5DnZFiakw/0?wx_fmt=jpeg,,https://mmbiz.qpic.cn/mmbiz_jpg/xH40kQxnnibH2s56CTJJ0Ztnpibw8HicfrgPibh3f5gh3Wo1hoJND5K5LqhWkjicEr8M3Q7ot6fgX0TicOkm5DnZFiakw/0?wx_fmt=jpeg,"{""public_tag_list"": [], ""modify_times"": 0, ""init_tag_list_size"": 0}",100017028,77,1000000069,0,101,"{""msg_status"": 7, ""refuse_reason"": """", ""reject_index_list"": [], ""msg_fail_reason"": ""该内容已被删除，你的粉丝在“查看历史消息”中将无法查看该内容"", ""update_time"": 1752674445}","{""total"": 3171, ""succ"": 3171, ""fail"": 0, ""progress"": 100, ""userprotect"": 0}",79,,,,,[],0,0,0,[],,[],analysis page parsing failed,,,,,,,,,,,,,,,,,,,,,,,
18,yolov5的持续发力|分割任务,张大刀修炼手册,张大刀修炼手册,2022-12-03 18:00:00,https://mp.weixin.qq.com/s/t5PxQBrYesSCMfuhxjNsSg,G:\project\05 个人\分析助手\output_publish_check\articles\0018 yolov5的持续发力 分割任务.md,"{""has_agreement_ad"": 0, ""is_recruit_agreement_ad"": 0}","{""appmsg_album_infos"": []}",2,0,2247500668,[],0,0,1,,0,,,11,1,https://mmbiz.qpic.cn/mmbiz_jpg/xH40kQxnnibFlvIqkjk5nibTNe7v9VH0YjqYwDjBvujd0ROjiakicTKqpzWTvI8nRYehp55TibAOwlOlmeGbTh51LjA/0?wx_fmt=jpeg,,,0,,0,False,,0,0,0,,0,1,6,"{""use_line"": 1, ""line_count"": 0, ""send_time"": 1670061629, ""is_appmsg_flag"": 1, ""is_use_flag"": 0}",0,[],1,还可以修改3次,0,0,11,1,https://mmbiz.qpic.cn/mmbiz_jpg/xH40kQxnnibFlvIqkjk5nibTNe7v9VH0YjGqYzS4SpbXsJ4c9M7bfbSZOzUFAFQTMbgVZNGS5vfP868lrcNsmIBg/0?wx_fmt=jpeg,,https://mmbiz.qpic.cn/mmbiz_jpg/xH40kQxnnibFlvIqkjk5nibTNe7v9VH0YjGqYzS4SpbXsJ4c9M7bfbSZOzUFAFQTMbgVZNGS5vfP868lrcNsmIBg/0?wx_fmt=jpeg,"{""public_tag_list"": [], ""modify_times"": 0, ""init_tag_list_size"": 0}",100016627,77,1000000068,0,101,"{""msg_status"": 2, ""refuse_reason"": """", ""reject_index_list"": [], ""update_time"": 1752674446}","{""total"": 3012, ""succ"": 3012, ""fail"": 0, ""progress"": 100, ""userprotect"": 0}",838,4,,,,[],2,0,0,[],,[],analysis page parsing failed,,,,,,,,,,,,,,,,,,,,,,,
19,yolov5的持续发力|分类任务,张大刀修炼手册,张大刀修炼手册,2022-11-23 20:20:00,https://mp.weixin.qq.com/s/YiK5kT-Yd-9k_V_aiSVYqw,G:\project\05 个人\分析助手\output_publish_check\articles\0019 yolov5的持续发力 分类任务.md,"{""has_agreement_ad"": 0, ""is_recruit_agreement_ad"": 0}","{""appmsg_album_infos"": []}",2,0,2247500268,[],0,0,1,,0,,,11,1,https://mmbiz.qpic.cn/mmbiz_jpg/xH40kQxnnibFlvIqkjk5nibTNe7v9VH0YjqYwDjBvujd0ROjiakicTKqpzWTvI8nRYehp55TibAOwlOlmeGbTh51LjA/0?wx_fmt=jpeg,,,0,,0,False,,0,0,0,,0,1,5,"{""use_line"": 1, ""line_count"": 0, ""send_time"": 1669206028, ""is_appmsg_flag"": 1, ""is_use_flag"": 0}",0,[],1,还可以修改3次,0,0,13,1,https://mmbiz.qpic.cn/mmbiz_jpg/xH40kQxnnibFlvIqkjk5nibTNe7v9VH0YjGqYzS4SpbXsJ4c9M7bfbSZOzUFAFQTMbgVZNGS5vfP868lrcNsmIBg/0?wx_fmt=jpeg,,https://mmbiz.qpic.cn/mmbiz_jpg/xH40kQxnnibFlvIqkjk5nibTNe7v9VH0YjGqYzS4SpbXsJ4c9M7bfbSZOzUFAFQTMbgVZNGS5vfP868lrcNsmIBg/0?wx_fmt=jpeg,"{""public_tag_list"": [], ""modify_times"": 0, ""init_tag_list_size"": 0}",100016340,77,1000000067,0,101,"{""msg_status"": 2, ""refuse_reason"": """", ""reject_index_list"": [], ""update_time"": 1752674446}","{""total"": 2908, ""succ"": 2908, ""fail"": 0, ""progress"": 100, ""userprotect"": 0}",788,7,,,,[],3,0,0,[],,[],analysis page parsing failed,,,,,,,,,,,,,,,,,,,,,,,
20,支持跨框架评测，这个是你想要的算法评测库吗？,张大刀修炼手册,,2022-11-23 20:20:00,https://mp.weixin.qq.com/s/_VMiokbh5sdFv3GMTYikkA,G:\project\05 个人\分析助手\output_publish_check\articles\0020 支持跨框架评测，这个是你想要的算法评测库吗？.md,"{""has_agreement_ad"": 0, ""is_recruit_agreement_ad"": 0}","{""appmsg_album_infos"": []}",2,0,2247500268,[],0,0,0,,0,,,201,2,https://mmbiz.qpic.cn/mmbiz_jpg/ialW0xobVWP5qlIY48wPSmro4FULN0b2QY8QGKy5zPHq9ATVibfMHFmOnZo88aaDWa0tyDRMQ4PEEeM5mY2V4Gibg/0?wx_fmt=jpeg,ZQW,1783641391,0,,0,True,0,0,0,0,,0,2,1,"{""use_line"": 1, ""line_count"": 0, ""send_time"": 1669206028, ""is_appmsg_flag"": 1, ""is_use_flag"": 0}",0,[],0,该内容已删除，不支持修改,0,0,3,1,https://mmbiz.qpic.cn/mmbiz_jpg/ialW0xobVWP5qlIY48wPSmro4FULN0b2QY8QGKy5zPHq9ATVibfMHFmOnZo88aaDWa0tyDRMQ4PEEeM5mY2V4Gibg/0?wx_fmt=jpeg,,https://mmbiz.qpic.cn/mmbiz_jpg/ialW0xobVWP5qlIY48wPSmro4FULN0b2QY8QGKy5zPHq9ATVibfMHFmOnZo88aaDWa0tyDRMQ4PEEeM5mY2V4Gibg/0?wx_fmt=jpeg,"{""public_tag_list"": [], ""modify_times"": 0, ""init_tag_list_size"": 0}",100016340,77,1000000067,0,101,"{""msg_status"": 2, ""refuse_reason"": """", ""reject_index_list"": [], ""update_time"": 1752674446}","{""total"": 2908, ""succ"": 2908, ""fail"": 0, ""progress"": 100, ""userprotect"": 0}",66,,,,,[],1,0,0,[],,[],analysis page parsing failed,,,,,,,,,,,,,,,,,,,,,,,
21,AidLux智慧交通AI实战训练营活动正式开启！,张大刀修炼手册,,2022-11-19 16:21:59,https://mp.weixin.qq.com/s?__biz=MzU3ODk2Njc5Mg==&tempkey=MTM4M19XRXN6L29LSzFnM1ZXYXNYOEM2LTBLMTV2ZXBoMGR4ZmZMcjZ6MFQwNnNxV2IyaDI0TWRnZElwcEtCUHI4WVJ6b1RRWFFrakQ2dFVQWG9kVy0xMWJyLUdyakNOR3pkRUVnOFMxSEhISzVCQktQTVdKTExXZzJEWlBOOG1ZWFhaVkpBOUV0OVp3RjI0Rkw1YlRXSUdHUUFQeFNSdTBydUlXd0tZUklnfn4%3D&chksm=fd6fc5f9ca184cefdd5d995bff18aacb33823f7ac287cadece2b222822a32af9931d8dfec569#rd,G:\project\05 个人\分析助手\output_publish_check\articles\0021 AidLux智慧交通AI实战训练营活动正式开启！.md,"{""has_agreement_ad"": 0, ""is_recruit_agreement_ad"": 0}","{""appmsg_album_infos"": []}",2,,2247500190,[],,0,,,0,,,201,2,https://mmbiz.qpic.cn/mmbiz_jpg/Vic6gHkjpdfmySLSTyH82T42G6WqqtyBPYDp3vjUxKSQpy4iad5NdDe28czeD45XOxxUqHH2MSEAjKfR3p2dNl5A/0?wx_fmt=jpeg,,1669275954,0,,0,True,0,0,0,0,,0,1,3,"{""use_line"": 1, ""line_count"": 0, ""send_time"": 1668846130, ""is_appmsg_flag"": 1, ""is_use_flag"": 0}",0,[],,,0,0,6,1,https://mmbiz.qpic.cn/mmbiz_jpg/Vic6gHkjpdfmySLSTyH82T42G6WqqtyBPYDp3vjUxKSQpy4iad5NdDe28czeD45XOxxUqHH2MSEAjKfR3p2dNl5A/0?wx_fmt=jpeg,,https://mmbiz.qpic.cn/mmbiz_jpg/Vic6gHkjpdfmySLSTyH82T42G6WqqtyBPYDp3vjUxKSQpy4iad5NdDe28czeD45XOxxUqHH2MSEAjKfR3p2dNl5A/0?wx_fmt=jpeg,"{""public_tag_list"": [], ""modify_times"": 0, ""init_tag_list_size"": 0}",100016541,77,1000000066,0,101,"{""msg_status"": 7, ""refuse_reason"": """", ""reject_index_list"": [], ""msg_fail_reason"": ""该内容已被删除，你的粉丝在“查看历史消息”中将无法查看该内容"", ""update_time"": 1752674446}","{""total"": 2877, ""succ"": 2877, ""fail"": 0, ""progress"": 100, ""userprotect"": 0}",109,,,,,[],0,0,0,[],,[],analysis page parsing failed,,,,,,,,,,,,,,,,,,,,,,,
22,【数据侧】数据不均衡、长尾数据的常用解决方法（文末附论文和代码）,张大刀修炼手册,张大刀修炼手册,2022-11-05 14:22:57,https://mp.weixin.qq.com/s/KCphlKd-Nlwnxfe0ke2C2g,G:\project\05 个人\分析助手\output_publish_check\articles\0022 【数据侧】数据不均衡、长尾数据的常用解决方法（文末附论文和代码）.md,"{""has_agreement_ad"": 0, ""is_recruit_agreement_ad"": 0}","{""appmsg_album_infos"": []}",2,0,2247500084,[],0,0,1,,0,,,11,1,https://mmbiz.qpic.cn/mmbiz_jpg/xH40kQxnnibGJqmOAVRNwnwK8JeqC6scfXHQSMEhaEyA8LbIaFSUPCeVBIYby7QibD2x2Rb2fnDZ4bDuUtgGXNTQ/0?wx_fmt=jpeg,,,0,,0,False,,0,0,0,,0,1,7,"{""use_line"": 1, ""line_count"": 2, ""send_time"": 1667629377, ""is_appmsg_flag"": 1, ""is_use_flag"": 0}",0,[],1,还可以修改3次,0,0,19,1,https://mmbiz.qpic.cn/mmbiz_jpg/xH40kQxnnibGJqmOAVRNwnwK8JeqC6scfJPIdfGPFxchIwhyxUr0Ux5MXpeiaCKVuwDZ7bXNv8mHQhk2Hm54a1xw/0?wx_fmt=jpeg,,https://mmbiz.qpic.cn/mmbiz_jpg/xH40kQxnnibGJqmOAVRNwnwK8JeqC6scfJPIdfGPFxchIwhyxUr0Ux5MXpeiaCKVuwDZ7bXNv8mHQhk2Hm54a1xw/0?wx_fmt=jpeg,"{""public_tag_list"": [], ""modify_times"": 0, ""init_tag_list_size"": 0}",100016341,77,1000000065,0,101,"{""msg_status"": 2, ""refuse_reason"": """", ""reject_index_list"": [], ""update_time"": 1752674446}","{""total"": 2734, ""succ"": 2734, ""fail"": 0, ""progress"": 100, ""userprotect"": 0}",1543,5,,,,[],56,0,0,[],,[],analysis page parsing failed,,,,,,,,,,,,,,,,,,,,,,,
23,万字长文解析cv中的注意力机制,张大刀修炼手册,张大刀修炼手册,2022-10-23 09:00:00,https://mp.weixin.qq.com/s/kt3iIuOD3lsZBTIbOSGN0g,G:\project\05 个人\分析助手\output_publish_check\articles\0023 万字长文解析cv中的注意力机制.md,"{""has_agreement_ad"": 0, ""is_recruit_agreement_ad"": 0}","{""appmsg_album_infos"": []}",2,0,2247499987,[],0,0,1,,0,,,11,1,https://mmbiz.qpic.cn/mmbiz_jpg/xH40kQxnnibE1icQdicYjqRXIz86VEMXJDtHV34cmjickcZWBTjyibY4UF8rpQV5vKnDnXb7pwnMHuibdY0viaicvbGYzQ/0?wx_fmt=jpeg,,,0,,0,False,,0,0,0,,0,1,14,"{""use_line"": 1, ""line_count"": 3, ""send_time"": 1666486823, ""is_appmsg_flag"": 1, ""is_use_flag"": 0}",0,[],1,还可以修改3次,0,0,35,1,https://mmbiz.qpic.cn/mmbiz_jpg/xH40kQxnnibE1icQdicYjqRXIz86VEMXJDtuicmwiaPJrRbkVb39AWGodkTtrtGQe0jMJTptTBXmpp9Qh5h2hGbUDNg/0?wx_fmt=jpeg,,https://mmbiz.qpic.cn/mmbiz_jpg/xH40kQxnnibE1icQdicYjqRXIz86VEMXJDtuicmwiaPJrRbkVb39AWGodkTtrtGQe0jMJTptTBXmpp9Qh5h2hGbUDNg/0?wx_fmt=jpeg,"{""public_tag_list"": [], ""modify_times"": 0, ""init_tag_list_size"": 0}",100015051,77,1000000064,0,101,"{""msg_status"": 2, ""refuse_reason"": """", ""reject_index_list"": [], ""update_time"": 1752674447}","{""total"": 2551, ""succ"": 2551, ""fail"": 0, ""progress"": 100, ""userprotect"": 0}",2372,7,,,,[],34,0,0,[],,[],analysis page parsing failed,,,,,,,,,,,,,,,,,,,,,,,
24,较YOLOv7精度提升1.9%，54.7mAP的PP-YOLOE+强势登场！,张大刀修炼手册,张大刀修炼手册,2022-10-17 20:00:39,https://mp.weixin.qq.com/s/TgtcRjCw_hXWJCunHTMkng,G:\project\05 个人\分析助手\output_publish_check\articles\0024 较YOLOv7精度提升1.9%，54.7mAP的PP-YOLOE+强势登场！.md,"{""has_agreement_ad"": 0, ""is_recruit_agreement_ad"": 0}","{""appmsg_album_infos"": []}",2,0,2247498805,[],0,0,1,,0,,,101,0,https://mmbiz.qpic.cn/mmbiz_jpg/xH40kQxnnibFkKbLv0jRB4xkyDRxxEZUEd5cXJaelos72GcHDX1dV5pA8TSGsia772GMDymJG6CtAn5J24TOPVdw/0?wx_fmt=jpeg,,,0,,0,False,1,0,0,0,,0,1,3,"{""use_line"": 1, ""line_count"": 0, ""send_time"": 1666008039, ""is_appmsg_flag"": 1, ""is_use_flag"": 0}",0,[],1,还可以修改3次,0,0,10,1,https://mmbiz.qpic.cn/mmbiz_jpg/xH40kQxnnibFkKbLv0jRB4xkyDRxxEZUE3UpcN5LUwMPmpWO3ribl2131hTLrqibibxFtS0rjoezYMNMD0WK4kfTeg/0?wx_fmt=jpeg,,https://mmbiz.qpic.cn/mmbiz_jpg/xH40kQxnnibFkKbLv0jRB4xkyDRxxEZUE3UpcN5LUwMPmpWO3ribl2131hTLrqibibxFtS0rjoezYMNMD0WK4kfTeg/0?wx_fmt=jpeg,"{""public_tag_list"": [], ""modify_times"": 0, ""init_tag_list_size"": 0}",100015153,77,1000000063,0,101,"{""msg_status"": 2, ""refuse_reason"": """", ""reject_index_list"": [], ""update_time"": 1752674447}","{""total"": 2520, ""succ"": 2519, ""fail"": 0, ""progress"": 99, ""userprotect"": 0}",685,,较YOLOv7精度提升1.9%，54.7mAP的PP-YOLOE+强势登场！,https://mp.weixin.qq.com/s?__biz=Mzg2OTEzODA5MA==&mid=2247593250&idx=1&sn=f1411fd2515179e96c6c451dab67b018#wechat_redirect,,[],1,0,0,[],,[],analysis page parsing failed,,,,,,,,,,,,,,,,,,,,,,,
25,推荐6个干货满满的AI必备公众号,张大刀修炼手册,,2022-09-28 18:01:46,https://mp.weixin.qq.com/s?__biz=MzU3ODk2Njc5Mg==&tempkey=MTM4M193YVJLa1FiT3dGdjlJdktuOEM2LTBLMTV2ZXBoMGR4ZmZMcjZ6NnoydHd6dFM5VnNZa0lpTjFjclA1b1RBeFhsd05MQ2c4cFpoV3cxcm5GTDRYaEZtTDNpZFFHOGFqNkNTczBhMFdpd04zZnhKaG5MWURwSE04aUpXdnlsdlVITWoxcVNNT1BxbGxBcWUwelU0aVR2MTAtTHZmT3BJblNwd2x0SW5Rfn4%3D&chksm=fd6fffaeca1876b89bd3c3ae41db9a5ea60cdb919589f34fa4ac47860b54492f2cdace0e5eb3#rd,G:\project\05 个人\分析助手\output_publish_check\articles\0025 推荐6个干货满满的AI必备公众号.md,"{""has_agreement_ad"": 0, ""is_recruit_agreement_ad"": 0}","{""appmsg_album_infos"": []}",2,,2247498697,[],,0,,,0,,,100,1,https://mmbiz.qpic.cn/mmbiz_jpg/xH40kQxnnibEqRicTxFa2yByHtEAAx0BoKBOIVLA0URNvvddojODghyrv1TN3zXWycZ9LyTbAIyA73bkH8bPfMhg/0?wx_fmt=jpeg,,1664379273,0,,0,True,,0,0,0,,0,1,8,"{""use_line"": 1, ""line_count"": 0, ""send_time"": 1664359340, ""is_appmsg_flag"": 1, ""is_use_flag"": 0}",0,[],,,0,0,19,1,https://mmbiz.qpic.cn/mmbiz_jpg/xH40kQxnnibEqRicTxFa2yByHtEAAx0BoKY4icsmOQkBl1ic6981m3Zsb7hGXZY32n7zkgdJXHPHYhCaAQeSic5oz1w/0?wx_fmt=jpeg,,https://mmbiz.qpic.cn/mmbiz_jpg/xH40kQxnnibEqRicTxFa2yByHtEAAx0BoKY4icsmOQkBl1ic6981m3Zsb7hGXZY32n7zkgdJXHPHYhCaAQeSic5oz1w/0?wx_fmt=jpeg,"{""public_tag_list"": [], ""modify_times"": 0, ""init_tag_list_size"": 0}",100015044,77,1000000062,0,101,"{""msg_status"": 7, ""refuse_reason"": """", ""reject_index_list"": [], ""msg_fail_reason"": ""该内容已被删除，你的粉丝在“查看历史消息”中将无法查看该内容"", ""update_time"": 1752674447}","{""total"": 2092, ""succ"": 2092, ""fail"": 0, ""progress"": 100, ""userprotect"": 0}",657,,,,,[],0,0,0,[],,[],analysis page parsing failed,,,,,,,,,,,,,,,,,,,,,,,
26,深入浅出AUC系列下篇,张大刀修炼手册,张大刀修炼手册,2022-09-18 20:22:32,https://mp.weixin.qq.com/s/YPGoQU_ouNwKAEgmFoEW8w,G:\project\05 个人\分析助手\output_publish_check\articles\0026 深入浅出AUC系列下篇.md,"{""has_agreement_ad"": 0, ""is_recruit_agreement_ad"": 0}","{""appmsg_album_infos"": []}",2,0,2247498670,[],0,0,1,,0,,,11,1,https://mmbiz.qpic.cn/mmbiz_jpg/xH40kQxnnibF0D702AQ5KwTk0JOXoD620TeWEeyhSNWxJZpTVQkxDIH1XXIfkSS5aKGgXia9Dl3J5ciaZnAd27mibQ/0?wx_fmt=jpeg,,,0,,0,False,,0,0,0,,0,1,5,"{""use_line"": 1, ""line_count"": 0, ""send_time"": 1663503752, ""is_appmsg_flag"": 1, ""is_use_flag"": 0}",0,[],1,还可以修改3次,0,0,10,1,https://mmbiz.qpic.cn/mmbiz_jpg/xH40kQxnnibF0D702AQ5KwTk0JOXoD6204WwSIgVf3hL4OGDwvnUgYX4mYaXtIMcibJq4egsYSxpVibf5XQEPCR3Q/0?wx_fmt=jpeg,,https://mmbiz.qpic.cn/mmbiz_jpg/xH40kQxnnibF0D702AQ5KwTk0JOXoD6204WwSIgVf3hL4OGDwvnUgYX4mYaXtIMcibJq4egsYSxpVibf5XQEPCR3Q/0?wx_fmt=jpeg,"{""public_tag_list"": [], ""modify_times"": 0, ""init_tag_list_size"": 0}",100014846,77,1000000060,0,101,"{""msg_status"": 2, ""refuse_reason"": """", ""reject_index_list"": [], ""update_time"": 1752674447}","{""total"": 2049, ""succ"": 2049, ""fail"": 0, ""progress"": 100, ""userprotect"": 0}",911,1,,,,[],8,0,0,[],,[],analysis page parsing failed,,,,,,,,,,,,,,,,,,,,,,,
27,深入浅出AUC系列一,张大刀修炼手册,张大刀修炼手册,2022-09-10 07:30:00,https://mp.weixin.qq.com/s/JG_c_xdnnvNFzMlpw-NxdQ,G:\project\05 个人\分析助手\output_publish_check\articles\0027 深入浅出AUC系列一.md,"{""has_agreement_ad"": 0, ""is_recruit_agreement_ad"": 0}","{""appmsg_album_infos"": []}",2,0,2247498491,[],0,0,1,,0,,,11,1,https://mmbiz.qpic.cn/mmbiz_jpg/xH40kQxnnibHH6X3rV9Xgjd4icfxoE45g5Wb1NoE0IeKW3yia3YsUwSuGz6RQEEuplY2tGiciazpL03dhTQ2mIA6zRA/0?wx_fmt=jpeg,,,0,,0,False,,0,0,0,,0,1,5,"{""use_line"": 1, ""line_count"": 1, ""send_time"": 1662766210, ""is_appmsg_flag"": 1, ""is_use_flag"": 0}",0,[],1,还可以修改3次,0,0,17,1,https://mmbiz.qpic.cn/mmbiz_jpg/xH40kQxnnibHH6X3rV9Xgjd4icfxoE45g55hCrYcvEAJDpbE5M6qdJ18MicIthJfiaTt2VAujLuvjcB7cYiaguhU6ow/0?wx_fmt=jpeg,,https://mmbiz.qpic.cn/mmbiz_jpg/xH40kQxnnibHH6X3rV9Xgjd4icfxoE45g55hCrYcvEAJDpbE5M6qdJ18MicIthJfiaTt2VAujLuvjcB7cYiaguhU6ow/0?wx_fmt=jpeg,"{""public_tag_list"": [], ""modify_times"": 0, ""init_tag_list_size"": 0}",100014546,77,1000000059,0,101,"{""msg_status"": 2, ""refuse_reason"": """", ""reject_index_list"": [], ""update_time"": 1752674448}","{""total"": 1984, ""succ"": 1984, ""fail"": 0, ""progress"": 100, ""userprotect"": 0}",1237,1,,,,[],23,0,0,[],,[],analysis page parsing failed,,,,,,,,,,,,,,,,,,,,,,,
28,文本图像数据增强方法，不只是Augraphy,张大刀修炼手册,张大刀修炼手册,2022-09-02 17:22:39,https://mp.weixin.qq.com/s/VcYWSOHFEL846xMHJg3CmQ,G:\project\05 个人\分析助手\output_publish_check\articles\0028 文本图像数据增强方法，不只是Augraphy.md,"{""has_agreement_ad"": 0, ""is_recruit_agreement_ad"": 0}","{""appmsg_album_infos"": []}",2,0,2247497814,[],0,0,1,,0,,,11,1,https://mmbiz.qpic.cn/mmbiz_jpg/xH40kQxnnibHkQ7j3tt5eE8zcKhiaBFAMeNb6KWicXJKKTWl277YlkjvjAicOIKfbo0Peb4q85KS2kkXicoEL5Xkvuw/0?wx_fmt=jpeg,,,0,,0,False,,0,0,0,,0,1,5,"{""use_line"": 1, ""line_count"": 0, ""send_time"": 1662110559, ""is_appmsg_flag"": 1, ""is_use_flag"": 0}",0,[],1,还可以修改3次,0,0,12,1,https://mmbiz.qpic.cn/mmbiz_jpg/xH40kQxnnibHkQ7j3tt5eE8zcKhiaBFAMeAQuicaOibt7Y2HlCy9sob0vCLzwR34LC6osHIVdCpq3v6ia3RVGAwbNKA/0?wx_fmt=jpeg,,https://mmbiz.qpic.cn/mmbiz_jpg/xH40kQxnnibHkQ7j3tt5eE8zcKhiaBFAMeAQuicaOibt7Y2HlCy9sob0vCLzwR34LC6osHIVdCpq3v6ia3RVGAwbNKA/0?wx_fmt=jpeg,"{""public_tag_list"": [], ""modify_times"": 0, ""init_tag_list_size"": 0}",100014162,77,1000000058,0,101,"{""msg_status"": 2, ""refuse_reason"": """", ""reject_index_list"": [], ""update_time"": 1752674448}","{""total"": 1954, ""succ"": 1954, ""fail"": 0, ""progress"": 100, ""userprotect"": 0}",443,0,,,,[],10,0,0,[],,[],analysis page parsing failed,,,,,,,,,,,,,,,,,,,,,,,
29,【涨分提点神器】cleanLabel-清洗噪声数据,张大刀修炼手册,张大刀修炼手册,2022-08-28 12:44:52,https://mp.weixin.qq.com/s/E5-J9KkQoKhaRB-S7bsw-w,G:\project\05 个人\分析助手\output_publish_check\articles\0029 【涨分提点神器】cleanLabel-清洗噪声数据.md,"{""has_agreement_ad"": 0, ""is_recruit_agreement_ad"": 0}","{""appmsg_album_infos"": []}",2,0,2247496992,[],0,0,1,,0,,,11,1,https://mmbiz.qpic.cn/mmbiz_jpg/xH40kQxnnibHibWlofKW0br8HS46s2sZx1AFVnxa4c5MyPFGSLecorkwibNoX6HS5Ml8eWricrBJ567uSgqC1ibMlfA/0?wx_fmt=jpeg,,,0,,0,False,,0,0,0,,0,1,5,"{""use_line"": 1, ""line_count"": 0, ""send_time"": 1661661892, ""is_appmsg_flag"": 1, ""is_use_flag"": 0}",0,[],1,还可以修改3次,0,0,9,1,https://mmbiz.qpic.cn/mmbiz_jpg/xH40kQxnnibHibWlofKW0br8HS46s2sZx1Yx7krNT9D5MHjAwQF6mic7VHwY6RdWuABuibJh4hrlkE4U7L1LweicH2A/0?wx_fmt=jpeg,,https://mmbiz.qpic.cn/mmbiz_jpg/xH40kQxnnibHibWlofKW0br8HS46s2sZx1Yx7krNT9D5MHjAwQF6mic7VHwY6RdWuABuibJh4hrlkE4U7L1LweicH2A/0?wx_fmt=jpeg,"{""public_tag_list"": [], ""modify_times"": 0, ""init_tag_list_size"": 0}",100013283,77,1000000057,0,101,"{""msg_status"": 2, ""refuse_reason"": """", ""reject_index_list"": [], ""update_time"": 1752674448}","{""total"": 1920, ""succ"": 1920, ""fail"": 0, ""progress"": 100, ""userprotect"": 0}",828,1,,,,[],10,0,0,[],,[],analysis page parsing failed,,,,,,,,,,,,,,,,,,,,,,,
30,【yolov7系列三】实战从0构建训练自己的数据集,张大刀修炼手册,张大刀修炼手册,2022-07-29 08:00:00,https://mp.weixin.qq.com/s/S80mMimu4YpHwClHIH07eA,G:\project\05 个人\分析助手\output_publish_check\articles\0030 【yolov7系列三】实战从0构建训练自己的数据集.md,"{""has_agreement_ad"": 0, ""is_recruit_agreement_ad"": 0}","{""appmsg_album_infos"": []}",2,1,2247496875,[],0,0,1,,0,,,11,1,https://mmbiz.qpic.cn/mmbiz_jpg/xH40kQxnnibHvCoI62VllGk9LXicpW9ibd1RneahxaTLaXGA3gviazpvoXM4l6Y35r5SRmfBP6hA3QCYCF61O4hH0w/0?wx_fmt=jpeg,,,0,,0,False,,0,0,0,,0,1,7,"{""use_line"": 1, ""line_count"": 0, ""send_time"": 1659052836, ""is_appmsg_flag"": 1, ""is_use_flag"": 0}",0,"[""第1次修改 2022年07月29日 09时21分 ""]",1,还可以修改2次,0,0,17,1,https://mmbiz.qpic.cn/mmbiz_jpg/xH40kQxnnibHvCoI62VllGk9LXicpW9ibd1BM19lQvFQen0GCZtZWqX0MwXQk1g00NbSfbP5aScQOjDXo2t4M3Rnw/0?wx_fmt=jpeg,,https://mmbiz.qpic.cn/mmbiz_jpg/xH40kQxnnibHvCoI62VllGk9LXicpW9ibd1BM19lQvFQen0GCZtZWqX0MwXQk1g00NbSfbP5aScQOjDXo2t4M3Rnw/0?wx_fmt=jpeg,"{""public_tag_list"": [], ""modify_times"": 0, ""init_tag_list_size"": 0}",100013133,77,1000000056,0,101,"{""msg_status"": 2, ""refuse_reason"": """", ""reject_index_list"": [], ""update_time"": 1752674448}","{""total"": 1778, ""succ"": 1778, ""fail"": 0, ""progress"": 100, ""userprotect"": 0}",1153,1,,,,[],7,0,0,[],,[],analysis page parsing failed,,,,,,,,,,,,,,,,,,,,,,,
31,YOLOU开源 | 汇集YOLO系列所有算法，集算法学习、科研改进、落地于一身！,张大刀修炼手册,张大刀修炼手册,2022-07-28 08:29:52,https://mp.weixin.qq.com/s/0EJ4DHq0ZGgjzG1r1LHi9A,G:\project\05 个人\分析助手\output_publish_check\articles\0031 YOLOU开源 汇集YOLO系列所有算法，集算法学习、科研改进、落地于一身！.md,"{""has_agreement_ad"": 0, ""is_recruit_agreement_ad"": 0}","{""appmsg_album_infos"": []}",2,0,2247496807,[],0,0,1,,0,,,201,2,https://mmbiz.qpic.cn/mmbiz_jpg/5ooHoYt0tglYD8piaEoib5Ek4cHfOdLib2gJLGo9oZ7SkOU3WibTBE7JbDAFMtIYjX7tvcHQJCM8S0uC2ELQxFria3g/0?wx_fmt=jpeg,,,0,,0,False,0,0,0,0,,0,1,6,"{""use_line"": 1, ""line_count"": 0, ""send_time"": 1658968192, ""is_appmsg_flag"": 1, ""is_use_flag"": 0}",0,[],1,还可以修改3次,0,0,10,1,https://mmbiz.qpic.cn/mmbiz_jpg/5ooHoYt0tglYD8piaEoib5Ek4cHfOdLib2gJLGo9oZ7SkOU3WibTBE7JbDAFMtIYjX7tvcHQJCM8S0uC2ELQxFria3g/0?wx_fmt=jpeg,,https://mmbiz.qpic.cn/mmbiz_jpg/5ooHoYt0tglYD8piaEoib5Ek4cHfOdLib2gJLGo9oZ7SkOU3WibTBE7JbDAFMtIYjX7tvcHQJCM8S0uC2ELQxFria3g/0?wx_fmt=jpeg,"{""public_tag_list"": [], ""modify_times"": 0, ""init_tag_list_size"": 0}",100013158,77,1000000055,0,101,"{""msg_status"": 2, ""refuse_reason"": """", ""reject_index_list"": [], ""update_time"": 1752674449}","{""total"": 1776, ""succ"": 1776, ""fail"": 0, ""progress"": 100, ""userprotect"": 0}",450,,,,,[],1,0,0,[],,[],analysis page parsing failed,,,,,,,,,,,,,,,,,,,,,,,
32,【yolov7系列二】正负样本分配策略,张大刀修炼手册,张大刀修炼手册,2022-07-23 21:53:15,https://mp.weixin.qq.com/s/nhZ3Q1NHm3op8abdVIGmLA,G:\project\05 个人\分析助手\output_publish_check\articles\0032 【yolov7系列二】正负样本分配策略.md,"{""has_agreement_ad"": 0, ""is_recruit_agreement_ad"": 0}","{""appmsg_album_infos"": []}",2,0,2247496732,[],0,0,1,,0,,,11,1,https://mmbiz.qpic.cn/mmbiz_jpg/xH40kQxnnibHvCoI62VllGk9LXicpW9ibd1RneahxaTLaXGA3gviazpvoXM4l6Y35r5SRmfBP6hA3QCYCF61O4hH0w/0?wx_fmt=jpeg,,,0,,0,False,,0,0,0,,0,1,7,"{""use_line"": 1, ""line_count"": 0, ""send_time"": 1658584395, ""is_appmsg_flag"": 1, ""is_use_flag"": 0}",0,[],1,还可以修改3次,0,0,17,1,https://mmbiz.qpic.cn/mmbiz_jpg/xH40kQxnnibHvCoI62VllGk9LXicpW9ibd1BM19lQvFQen0GCZtZWqX0MwXQk1g00NbSfbP5aScQOjDXo2t4M3Rnw/0?wx_fmt=jpeg,,https://mmbiz.qpic.cn/mmbiz_jpg/xH40kQxnnibHvCoI62VllGk9LXicpW9ibd1BM19lQvFQen0GCZtZWqX0MwXQk1g00NbSfbP5aScQOjDXo2t4M3Rnw/0?wx_fmt=jpeg,"{""public_tag_list"": [], ""modify_times"": 0, ""init_tag_list_size"": 0}",100013061,77,1000000054,0,101,"{""msg_status"": 2, ""refuse_reason"": """", ""reject_index_list"": [], ""update_time"": 1752674449}","{""total"": 1689, ""succ"": 1689, ""fail"": 0, ""progress"": 100, ""userprotect"": 0}",923,2,,,,[],8,0,0,[],,[],analysis page parsing failed,,,,,,,,,,,,,,,,,,,,,,,
33,【yolov7系列】网络框架细节拆解,张大刀修炼手册,张大刀修炼手册,2022-07-13 18:52:31,https://mp.weixin.qq.com/s/VEcUIaDrhc1ETIPr39l4rg,G:\project\05 个人\分析助手\output_publish_check\articles\0033 【yolov7系列】网络框架细节拆解.md,"{""has_agreement_ad"": 0, ""is_recruit_agreement_ad"": 0}","{""appmsg_album_infos"": []}",2,0,2247496582,[],0,0,1,,0,,,11,1,https://mmbiz.qlogo.cn/mmbiz_jpg/xH40kQxnnibEr7PqZKCUpw8Ldf8wI4Lh1ULxj2ygKSYU9lxJLt4hvVbnv91nbqSLetfSZTWWxWExRNh3LhiaJYqQ/0?wx_fmt=jpeg,,,0,,0,False,,0,0,0,,0,1,9,"{""use_line"": 1, ""line_count"": 0, ""send_time"": 1657709551, ""is_appmsg_flag"": 1, ""is_use_flag"": 0}",0,[],1,还可以修改3次,0,0,22,1,https://mmbiz.qlogo.cn/mmbiz_jpg/xH40kQxnnibEr7PqZKCUpw8Ldf8wI4Lh1MXibZxPhV9N0t5f8kK1Vwgksjg6cia8dh6sVx5BoVrIZYWsx8r6peqiag/0?wx_fmt=jpeg,,https://mmbiz.qlogo.cn/mmbiz_jpg/xH40kQxnnibEr7PqZKCUpw8Ldf8wI4Lh1MXibZxPhV9N0t5f8kK1Vwgksjg6cia8dh6sVx5BoVrIZYWsx8r6peqiag/0?wx_fmt=jpeg,"{""public_tag_list"": [], ""modify_times"": 0, ""init_tag_list_size"": 0}",100012870,77,1000000053,0,101,"{""msg_status"": 2, ""refuse_reason"": """", ""reject_index_list"": [], ""update_time"": 1752674449}","{""total"": 1567, ""succ"": 1567, ""fail"": 0, ""progress"": 100, ""userprotect"": 0}",2065,3,,,,[],13,0,0,[],,[],analysis page parsing failed,,,,,,,,,,,,,,,,,,,,,,,
34,YOLOv7官方开源 | Alexey Bochkovskiy站台，精度速度超越所有YOLO，还得是AB,张大刀修炼手册,张大刀修炼手册,2022-07-08 21:39:15,https://mp.weixin.qq.com/s/vAiU5DxYTjTtVX-R0idDAw,G:\project\05 个人\分析助手\output_publish_check\articles\0034 YOLOv7官方开源 Alexey Bochkovskiy站台，精度速度超越所有YOLO，还得是AB.md,"{""has_agreement_ad"": 0, ""is_recruit_agreement_ad"": 0}","{""appmsg_album_infos"": []}",2,0,2247496487,[],0,0,1,,0,,,201,2,http://mmbiz.qpic.cn/mmbiz_jpg/5ooHoYt0tgmq6WfAlibuMl8ibAONh6tiawib5va9yiaJ4Kncr6icCKmyqicS0BSbfPKs1diaIvFIOBzzG9ibrbu5fhWdqkg/0?wx_fmt=jpeg,,,0,,0,False,0,0,0,0,,0,1,5,"{""use_line"": 1, ""line_count"": 0, ""send_time"": 1657287555, ""is_appmsg_flag"": 1, ""is_use_flag"": 0}",0,[],1,还可以修改3次,0,0,10,1,http://mmbiz.qpic.cn/mmbiz_jpg/5ooHoYt0tgmq6WfAlibuMl8ibAONh6tiawib5va9yiaJ4Kncr6icCKmyqicS0BSbfPKs1diaIvFIOBzzG9ibrbu5fhWdqkg/0?wx_fmt=jpeg,,http://mmbiz.qpic.cn/mmbiz_jpg/5ooHoYt0tgmq6WfAlibuMl8ibAONh6tiawib5va9yiaJ4Kncr6icCKmyqicS0BSbfPKs1diaIvFIOBzzG9ibrbu5fhWdqkg/0?wx_fmt=jpeg,"{""public_tag_list"": [], ""modify_times"": 0, ""init_tag_list_size"": 0}",100012838,77,1000000051,0,101,"{""msg_status"": 2, ""refuse_reason"": """", ""reject_index_list"": [], ""update_time"": 1752674449}","{""total"": 1546, ""succ"": 1546, ""fail"": 0, ""progress"": 100, ""userprotect"": 0}",330,,,,,[],1,0,0,[],,[],analysis page parsing failed,,,,,,,,,,,,,,,,,,,,,,,
35,【yolov6系列】细节拆解网络框架,张大刀修炼手册,张大刀修炼手册,2022-07-02 14:58:43,https://mp.weixin.qq.com/s/DFSROue8InARk-96I_Kptg,G:\project\05 个人\分析助手\output_publish_check\articles\0035 【yolov6系列】细节拆解网络框架.md,"{""has_agreement_ad"": 0, ""is_recruit_agreement_ad"": 0}","{""appmsg_album_infos"": []}",2,0,2247496484,[],0,0,1,,0,,,11,1,https://mmbiz.qlogo.cn/mmbiz_jpg/xH40kQxnnibGuLRiabF6vHt0xW3t3btRPdEZ2M1ficScoHLu8ianoiaeR5mjbgoicnAubFic0tkaa5SX5ibC9xvpehhlcg/0?wx_fmt=jpeg,,,0,,0,False,,0,0,0,,0,1,6,"{""use_line"": 1, ""line_count"": 0, ""send_time"": 1656745123, ""is_appmsg_flag"": 1, ""is_use_flag"": 0}",0,[],1,还可以修改3次,0,0,24,1,https://mmbiz.qlogo.cn/mmbiz_jpg/xH40kQxnnibGuLRiabF6vHt0xW3t3btRPdr6qfvdCQibpeLI7O47PgkrzCickkMV7DT1jFSpT2Kfep9De5M8ewFOEA/0?wx_fmt=jpeg,,https://mmbiz.qlogo.cn/mmbiz_jpg/xH40kQxnnibGuLRiabF6vHt0xW3t3btRPdr6qfvdCQibpeLI7O47PgkrzCickkMV7DT1jFSpT2Kfep9De5M8ewFOEA/0?wx_fmt=jpeg,"{""public_tag_list"": [], ""modify_times"": 0, ""init_tag_list_size"": 0}",100012834,77,1000000050,0,101,"{""msg_status"": 2, ""refuse_reason"": """", ""reject_index_list"": [], ""update_time"": 1752674450}","{""total"": 1462, ""succ"": 1462, ""fail"": 0, ""progress"": 100, ""userprotect"": 0}",1303,1,,,,[],6,0,0,[],,[],analysis page parsing failed,,,,,,,,,,,,,,,,,,,,,,,
36,大规模图像数据集校验的免费工具fastdup,张大刀修炼手册,张大刀修炼手册,2022-06-15 22:38:32,https://mp.weixin.qq.com/s/fJI_SOai0yJfVRJfLH5s9A,G:\project\05 个人\分析助手\output_publish_check\articles\0036 大规模图像数据集校验的免费工具fastdup.md,"{""has_agreement_ad"": 0, ""is_recruit_agreement_ad"": 0}","{""appmsg_album_infos"": []}",2,0,2247496329,[],0,0,1,,0,,,11,1,https://mmbiz.qlogo.cn/mmbiz_jpg/xH40kQxnnibEYNhrwSLKHRjZHNXIXaArPibpwnQTzMKaMUUzxJlW8aDUpZyzpDkUmUxQiaBoibQYHrGpPhqo0TiaVjQ/0?wx_fmt=jpeg,,,0,,0,False,,0,0,0,,0,1,5,"{""use_line"": 1, ""line_count"": 0, ""send_time"": 1655303912, ""is_appmsg_flag"": 1, ""is_use_flag"": 0}",0,[],1,还可以修改3次,0,0,13,1,https://mmbiz.qlogo.cn/mmbiz_jpg/xH40kQxnnibEYNhrwSLKHRjZHNXIXaArPGjb3onUmgrT7oQpibbdj9ia3icia5seUDCx8Ws6FFTOHPicDXqmHJnJSnWA/0?wx_fmt=jpeg,,https://mmbiz.qlogo.cn/mmbiz_jpg/xH40kQxnnibEYNhrwSLKHRjZHNXIXaArPGjb3onUmgrT7oQpibbdj9ia3icia5seUDCx8Ws6FFTOHPicDXqmHJnJSnWA/0?wx_fmt=jpeg,"{""public_tag_list"": [], ""modify_times"": 0, ""init_tag_list_size"": 0}",100012666,77,1000000048,0,101,"{""msg_status"": 2, ""refuse_reason"": """", ""reject_index_list"": [], ""update_time"": 1752674450}","{""total"": 1420, ""succ"": 1420, ""fail"": 0, ""progress"": 100, ""userprotect"": 0}",435,0,,,,[],8,0,0,[],,[],analysis page parsing failed,,,,,,,,,,,,,,,,,,,,,,,
37,12个免费深度学习算法模型库和资源库,张大刀修炼手册,张大刀修炼手册,2022-06-13 20:40:10,https://mp.weixin.qq.com/s/QSlP_cf8ejhngTYxeD_wUw,G:\project\05 个人\分析助手\output_publish_check\articles\0037 12个免费深度学习算法模型库和资源库.md,"{""has_agreement_ad"": 0, ""is_recruit_agreement_ad"": 0}","{""appmsg_album_infos"": []}",2,0,2247496283,[],0,0,1,,0,,,11,1,https://mmbiz.qlogo.cn/mmbiz_jpg/xH40kQxnnibGg6gIibQZKfickRr8D8UANLf2Eh0K4FLbeNtFlENiaqRY22Efwvm39Eqsn3Zz2Nh7JJCM8liaj21pfDw/0?wx_fmt=jpeg,,,0,,0,False,,0,0,0,,0,1,6,"{""use_line"": 1, ""line_count"": 0, ""send_time"": 1655124010, ""is_appmsg_flag"": 1, ""is_use_flag"": 0}",0,[],1,还可以修改3次,0,0,18,1,https://mmbiz.qlogo.cn/mmbiz_jpg/xH40kQxnnibGg6gIibQZKfickRr8D8UANLf3rLVcx2oiaL5QxTMNUH4I6ibgd4rPL3YEzZibrMg9dADCbk9NlRKvbibhQ/0?wx_fmt=jpeg,,https://mmbiz.qlogo.cn/mmbiz_jpg/xH40kQxnnibGg6gIibQZKfickRr8D8UANLf3rLVcx2oiaL5QxTMNUH4I6ibgd4rPL3YEzZibrMg9dADCbk9NlRKvbibhQ/0?wx_fmt=jpeg,"{""public_tag_list"": [], ""modify_times"": 0, ""init_tag_list_size"": 0}",100012608,77,1000000047,0,101,"{""msg_status"": 2, ""refuse_reason"": """", ""reject_index_list"": [], ""update_time"": 1752674450}","{""total"": 1389, ""succ"": 1389, ""fail"": 0, ""progress"": 100, ""userprotect"": 0}",1462,0,,,,[],7,0,0,[],,[],analysis page parsing failed,,,,,,,,,,,,,,,,,,,,,,,
38,神经网络不再黑盒,张大刀修炼手册,张大刀修炼手册,2022-05-31 20:04:00,https://mp.weixin.qq.com/s/2QpIScmvii0_I50hBPsEvA,G:\project\05 个人\分析助手\output_publish_check\articles\0038 神经网络不再黑盒.md,"{""has_agreement_ad"": 0, ""is_recruit_agreement_ad"": 0}","{""appmsg_album_infos"": []}",2,0,2247496178,[],0,0,1,,0,,,11,1,https://mmbiz.qlogo.cn/mmbiz_jpg/xH40kQxnnibGg6gIibQZKfickRr8D8UANLf2Eh0K4FLbeNtFlENiaqRY22Efwvm39Eqsn3Zz2Nh7JJCM8liaj21pfDw/0?wx_fmt=jpeg,,,0,,0,False,,0,0,0,,0,1,17,"{""use_line"": 1, ""line_count"": 0, ""send_time"": 1653998684, ""is_appmsg_flag"": 1, ""is_use_flag"": 0}",0,[],1,还可以修改3次,0,0,33,1,https://mmbiz.qlogo.cn/mmbiz_jpg/xH40kQxnnibGg6gIibQZKfickRr8D8UANLf3rLVcx2oiaL5QxTMNUH4I6ibgd4rPL3YEzZibrMg9dADCbk9NlRKvbibhQ/0?wx_fmt=jpeg,,https://mmbiz.qlogo.cn/mmbiz_jpg/xH40kQxnnibGg6gIibQZKfickRr8D8UANLf3rLVcx2oiaL5QxTMNUH4I6ibgd4rPL3YEzZibrMg9dADCbk9NlRKvbibhQ/0?wx_fmt=jpeg,"{""public_tag_list"": [], ""modify_times"": 0, ""init_tag_list_size"": 0}",100012501,77,1000000046,0,101,"{""msg_status"": 2, ""refuse_reason"": """", ""reject_index_list"": [], ""update_time"": 1752674450}","{""total"": 1314, ""succ"": 1314, ""fail"": 0, ""progress"": 100, ""userprotect"": 0}",4827,2,,,,[],12,0,0,[],,[],analysis page parsing failed,,,,,,,,,,,,,,,,,,,,,,,
39,2022 top9姿态估计网络综述,张大刀修炼手册,张大刀修炼手册,2022-05-27 00:26:16,https://mp.weixin.qq.com/s/DszGpyqEaceLfFkKyQ4n0A,G:\project\05 个人\分析助手\output_publish_check\articles\0039 2022 top9姿态估计网络综述.md,"{""has_agreement_ad"": 0, ""is_recruit_agreement_ad"": 0}","{""appmsg_album_infos"": []}",2,0,2247496110,[],0,0,1,,0,,,11,1,https://mmbiz.qlogo.cn/mmbiz_jpg/xH40kQxnnibEUe0o5iaedaHuIhmZ8vU4Vq95IFQazIvHd6WgvuwHkFxlM0ibVU7tXdSsjXibu4OD4v2exjwk6LjWoQ/0?wx_fmt=jpeg,,,0,,0,False,,0,0,0,,0,1,6,"{""use_line"": 1, ""line_count"": 1, ""send_time"": 1653582376, ""is_appmsg_flag"": 1, ""is_use_flag"": 0}",0,[],1,还可以修改3次,0,0,19,1,https://mmbiz.qlogo.cn/mmbiz_jpg/xH40kQxnnibEUe0o5iaedaHuIhmZ8vU4VqXrhHbhnPsMkPzoQjnQibwYGT2MLKHS3DLSsBUHtFrzghZH2FyLMOnNg/0?wx_fmt=jpeg,,https://mmbiz.qlogo.cn/mmbiz_jpg/xH40kQxnnibEUe0o5iaedaHuIhmZ8vU4VqXrhHbhnPsMkPzoQjnQibwYGT2MLKHS3DLSsBUHtFrzghZH2FyLMOnNg/0?wx_fmt=jpeg,"{""public_tag_list"": [], ""modify_times"": 0, ""init_tag_list_size"": 0}",100012298,77,1000000045,0,101,"{""msg_status"": 2, ""refuse_reason"": """", ""reject_index_list"": [], ""update_time"": 1752674450}","{""total"": 1273, ""succ"": 1273, ""fail"": 0, ""progress"": 100, ""userprotect"": 0}",958,1,,,,[],7,0,0,[],,[],analysis page parsing failed,,,,,,,,,,,,,,,,,,,,,,,
40,目标检测anchor based 边框回归策略,张大刀修炼手册,张大刀修炼手册,2022-05-13 23:51:53,https://mp.weixin.qq.com/s/XiN6hrVk268RqntO0naGHw,G:\project\05 个人\分析助手\output_publish_check\articles\0040 目标检测anchor based 边框回归策略.md,"{""has_agreement_ad"": 0, ""is_recruit_agreement_ad"": 0}","{""appmsg_album_infos"": []}",2,0,2247495530,[],0,0,1,,0,,,11,1,https://mmbiz.qlogo.cn/mmbiz_jpg/xH40kQxnnibEVBbUUlR8VLzra1tfAibRwnUnzTsw7xziat3ibcY5ibmIorJ4orOH0EMrPICqDGZwc8aNTc8XYWsHOIQ/0?wx_fmt=jpeg,,,0,,0,False,,0,0,0,,0,1,10,"{""use_line"": 1, ""line_count"": 0, ""send_time"": 1652457113, ""is_appmsg_flag"": 1, ""is_use_flag"": 0}",0,[],1,还可以修改3次,0,0,25,0,https://mmbiz.qlogo.cn/mmbiz_jpg/xH40kQxnnibEVBbUUlR8VLzra1tfAibRwn1e0hUYvG3ap2AHickAd4fPjVic6DSMjpxVe7ASnibeX4TbYVsGp6Q4Djg/0?wx_fmt=jpeg,,https://mmbiz.qlogo.cn/mmbiz_jpg/xH40kQxnnibEVBbUUlR8VLzra1tfAibRwn1e0hUYvG3ap2AHickAd4fPjVic6DSMjpxVe7ASnibeX4TbYVsGp6Q4Djg/0?wx_fmt=jpeg,"{""public_tag_list"": [], ""modify_times"": 0, ""init_tag_list_size"": 0}",100010125,77,1000000043,0,101,"{""msg_status"": 2, ""refuse_reason"": """", ""reject_index_list"": [], ""update_time"": 1752674451}","{""total"": 1218, ""succ"": 1218, ""fail"": 0, ""progress"": 100, ""userprotect"": 0}",766,0,,,,[],8,0,0,[],,[],analysis page parsing failed,,,,,,,,,,,,,,,,,,,,,,,
41,算法训练测试完成后？,张大刀修炼手册,张大刀修炼手册,2022-05-06 23:18:18,https://mp.weixin.qq.com/s/vIKwRY-SFyGrR6gxA2o5dA,G:\project\05 个人\分析助手\output_publish_check\articles\0041 算法训练测试完成后？.md,"{""has_agreement_ad"": 0, ""is_recruit_agreement_ad"": 0}","{""appmsg_album_infos"": []}",2,0,2247494471,[],0,0,1,,0,,,11,1,https://mmbiz.qlogo.cn/mmbiz_jpg/xH40kQxnnibHv2OvSjX3ZN4kNGEzMLb9llKzXnA3A943bhsXmQibF1yuNG3bHSZpnMj0pibQdPP2L7Gko41SP8gng/0?wx_fmt=jpeg,,,0,,0,False,,0,0,0,,0,1,3,"{""use_line"": 1, ""line_count"": 0, ""send_time"": 1651850298, ""is_appmsg_flag"": 1, ""is_use_flag"": 0}",0,[],1,还可以修改3次,0,0,25,1,https://mmbiz.qlogo.cn/mmbiz_jpg/xH40kQxnnibHv2OvSjX3ZN4kNGEzMLb9lL5TJDDjfwZciagoTtpvicR3jR5FS5WhEssyatZMj9RibMRFqnibiaibibxOcA/0?wx_fmt=jpeg,,https://mmbiz.qlogo.cn/mmbiz_jpg/xH40kQxnnibHv2OvSjX3ZN4kNGEzMLb9lL5TJDDjfwZciagoTtpvicR3jR5FS5WhEssyatZMj9RibMRFqnibiaibibxOcA/0?wx_fmt=jpeg,"{""public_tag_list"": [], ""modify_times"": 0, ""init_tag_list_size"": 0}",100010816,77,1000000042,0,101,"{""msg_status"": 2, ""refuse_reason"": """", ""reject_index_list"": [], ""update_time"": 1752674451}","{""total"": 1200, ""succ"": 1200, ""fail"": 0, ""progress"": 100, ""userprotect"": 0}",420,0,,,,[],2,0,0,[],,[],analysis page parsing failed,,,,,,,,,,,,,,,,,,,,,,,
42,实战工具|目标检测评价map精细化系列工具,张大刀修炼手册,张大刀修炼手册,2022-04-27 23:34:34,https://mp.weixin.qq.com/s/-5XmukT12TTD5JBG4tOOQQ,G:\project\05 个人\分析助手\output_publish_check\articles\0042 实战工具 目标检测评价map精细化系列工具.md,"{""has_agreement_ad"": 0, ""is_recruit_agreement_ad"": 0}","{""appmsg_album_infos"": []}",2,0,2247494457,[],0,0,1,,0,,,11,1,https://mmbiz.qlogo.cn/mmbiz_jpg/xH40kQxnnibFqQZotialAHhWLzrqxEH1gPBSAJFec6yvnafsoGyLpRPjIFl1WgYWPRqCNbabgqJ9hJyA7VIObeww/0?wx_fmt=jpeg,,,0,,0,False,,0,0,0,,0,1,7,"{""use_line"": 1, ""line_count"": 1, ""send_time"": 1651073674, ""is_appmsg_flag"": 1, ""is_use_flag"": 0}",0,[],1,还可以修改3次,0,0,28,0,https://mmbiz.qlogo.cn/mmbiz_jpg/xH40kQxnnibFqQZotialAHhWLzrqxEH1gPibN8mEhSKhhQsWBlulStVxia9J6ICUZric26w0wr2tSfgRhQOmTK832tw/0?wx_fmt=jpeg,,https://mmbiz.qlogo.cn/mmbiz_jpg/xH40kQxnnibFqQZotialAHhWLzrqxEH1gPibN8mEhSKhhQsWBlulStVxia9J6ICUZric26w0wr2tSfgRhQOmTK832tw/0?wx_fmt=jpeg,"{""public_tag_list"": [], ""modify_times"": 0, ""init_tag_list_size"": 0}",100010808,77,1000000041,0,101,"{""msg_status"": 2, ""refuse_reason"": """", ""reject_index_list"": [], ""update_time"": 1752674451}","{""total"": 1161, ""succ"": 1161, ""fail"": 0, ""progress"": 100, ""userprotect"": 0}",760,1,,,,[],5,0,0,[],,[],analysis page parsing failed,,,,,,,,,,,,,,,,,,,,,,,
43,【小白入坑篇】目标检测的评价指标map,张大刀修炼手册,张大刀修炼手册,2022-04-24 22:33:45,https://mp.weixin.qq.com/s/q308cHT0XliCK3NtIRjyqA,G:\project\05 个人\分析助手\output_publish_check\articles\0043 【小白入坑篇】目标检测的评价指标map.md,"{""has_agreement_ad"": 0, ""is_recruit_agreement_ad"": 0}","{""appmsg_album_infos"": []}",2,0,2247494316,[],0,0,1,,0,,,11,1,https://mmbiz.qlogo.cn/mmbiz_jpg/xH40kQxnnibGbmuoegXmqYOhlDFW2TufgYruYh9GibveqttBTsTZic97icJTeOGjkqdXbicEPjrs0oDR20pLkibXXjuQ/0?wx_fmt=jpeg,,,0,,0,False,,0,0,0,,0,1,5,"{""use_line"": 1, ""line_count"": 0, ""send_time"": 1650810825, ""is_appmsg_flag"": 1, ""is_use_flag"": 0}",0,[],1,还可以修改3次,0,0,28,0,https://mmbiz.qlogo.cn/mmbiz_jpg/xH40kQxnnibGbmuoegXmqYOhlDFW2Tufgbfw9Jiabc0OdLeFAm8ic4VSrCdOicgc97fHOeLroe7GpS7HVeqhIKlgAA/0?wx_fmt=jpeg,,https://mmbiz.qlogo.cn/mmbiz_jpg/xH40kQxnnibGbmuoegXmqYOhlDFW2Tufgbfw9Jiabc0OdLeFAm8ic4VSrCdOicgc97fHOeLroe7GpS7HVeqhIKlgAA/0?wx_fmt=jpeg,"{""public_tag_list"": [], ""modify_times"": 0, ""init_tag_list_size"": 0}",100010267,77,1000000040,0,101,"{""msg_status"": 2, ""refuse_reason"": """", ""reject_index_list"": [], ""update_time"": 1752674451}","{""total"": 1134, ""succ"": 1134, ""fail"": 0, ""progress"": 100, ""userprotect"": 0}",1013,2,,,,[],15,0,0,[],,[],analysis page parsing failed,,,,,,,,,,,,,,,,,,,,,,,
44,武功秘籍 | 美团大面筋,张大刀修炼手册,张大刀修炼手册,2022-04-22 22:08:25,https://mp.weixin.qq.com/s/5DXI0fYAWmUDubPAJ97afA,G:\project\05 个人\分析助手\output_publish_check\articles\0044 武功秘籍 美团大面筋.md,"{""has_agreement_ad"": 0, ""is_recruit_agreement_ad"": 0}","{""appmsg_album_infos"": []}",2,0,2247493769,[],0,0,1,,0,,,100,2,http://mmbiz.qpic.cn/mmbiz_jpg/Zibun5D7npIOm5t5YEj6nibDMibjXNnsf8HUQPFZ7nic0qtNwgWfacrUvjkJO8krGoc6Kw7DdUQQepibEZAW1EuUK4A/0?wx_fmt=jpeg,,,0,,0,False,,0,0,0,,0,1,6,"{""use_line"": 1, ""line_count"": 0, ""send_time"": 1650636505, ""is_appmsg_flag"": 1, ""is_use_flag"": 0}",0,[],1,还可以修改3次,0,0,11,0,http://mmbiz.qpic.cn/mmbiz_jpg/Zibun5D7npIOm5t5YEj6nibDMibjXNnsf8HUQPFZ7nic0qtNwgWfacrUvjkJO8krGoc6Kw7DdUQQepibEZAW1EuUK4A/0?wx_fmt=jpeg,,http://mmbiz.qpic.cn/mmbiz_jpg/Zibun5D7npIOm5t5YEj6nibDMibjXNnsf8HUQPFZ7nic0qtNwgWfacrUvjkJO8krGoc6Kw7DdUQQepibEZAW1EuUK4A/0?wx_fmt=jpeg,"{""public_tag_list"": [], ""modify_times"": 0, ""init_tag_list_size"": 0}",100010002,77,1000000039,0,101,"{""msg_status"": 2, ""refuse_reason"": """", ""reject_index_list"": [], ""update_time"": 1752674452}","{""total"": 1130, ""succ"": 1130, ""fail"": 0, ""progress"": 100, ""userprotect"": 0}",242,,,,,[],0,0,0,[],,[],analysis page parsing failed,,,,,,,,,,,,,,,,,,,,,,,
45,从零开始手把手搭建Vision Transformers(tensorflow版本),张大刀修炼手册,张大刀修炼手册,2022-04-18 23:16:15,https://mp.weixin.qq.com/s/fqc6wGAtDVgH2TrbxBCukw,G:\project\05 个人\分析助手\output_publish_check\articles\0045 从零开始手把手搭建Vision Transformers(tensorflow版本).md,"{""has_agreement_ad"": 0, ""is_recruit_agreement_ad"": 0}","{""appmsg_album_infos"": []}",2,0,2247493599,[],0,0,1,,0,,,11,1,https://mmbiz.qlogo.cn/mmbiz_jpg/xH40kQxnnibFwoHh3JpyqFiae5yW175DXAkL7tmCR49iaKHYbZT2mFQUvDIHNbxe0JiapQxMqianxoj5KMHemXW4GzA/0?wx_fmt=jpeg,,,0,,0,False,,0,0,0,,0,1,4,"{""use_line"": 1, ""line_count"": 0, ""send_time"": 1650294975, ""is_appmsg_flag"": 1, ""is_use_flag"": 0}",0,[],1,还可以修改3次,0,0,13,0,https://mmbiz.qlogo.cn/mmbiz_jpg/xH40kQxnnibFwoHh3JpyqFiae5yW175DXAuV0jGLv9PuyTSH8PyFnics7lrRqXFyMouiaryiaPdUtJvZMW3bA2OjhWw/0?wx_fmt=jpeg,,https://mmbiz.qlogo.cn/mmbiz_jpg/xH40kQxnnibFwoHh3JpyqFiae5yW175DXAuV0jGLv9PuyTSH8PyFnics7lrRqXFyMouiaryiaPdUtJvZMW3bA2OjhWw/0?wx_fmt=jpeg,"{""public_tag_list"": [], ""modify_times"": 0, ""init_tag_list_size"": 0}",100009950,77,1000000038,0,101,"{""msg_status"": 2, ""refuse_reason"": """", ""reject_index_list"": [], ""update_time"": 1752674452}","{""total"": 1083, ""succ"": 1083, ""fail"": 0, ""progress"": 100, ""userprotect"": 0}",383,0,,,,[],7,0,0,[],,[],analysis page parsing failed,,,,,,,,,,,,,,,,,,,,,,,
46,Detectors for the 2020s 目标检测算法最新进展,张大刀修炼手册,张大刀修炼手册,2022-04-17 23:15:41,https://mp.weixin.qq.com/s/bnee8MYyt95nn8C7lOnJ3Q,G:\project\05 个人\分析助手\output_publish_check\articles\0046 Detectors for the 2020s 目标检测算法最新进展.md,"{""has_agreement_ad"": 0, ""is_recruit_agreement_ad"": 0}","{""appmsg_album_infos"": []}",2,0,2247493183,[],0,0,1,,0,,,201,2,http://mmbiz.qpic.cn/mmbiz_jpg/SdQCib1UzF3uViau2OJXatzYic5e17ibhibnxsH5iahTcTstiaiaNg4Z71XibRo6QEicqsibjRF84PjgTBvP3pUicG4cAaIO5g/0?wx_fmt=jpeg,,,0,,0,False,0,0,0,0,,0,1,2,"{""use_line"": 1, ""line_count"": 0, ""send_time"": 1650208541, ""is_appmsg_flag"": 1, ""is_use_flag"": 0}",0,[],1,还可以修改3次,0,0,5,0,http://mmbiz.qpic.cn/mmbiz_jpg/SdQCib1UzF3uViau2OJXatzYic5e17ibhibnxsH5iahTcTstiaiaNg4Z71XibRo6QEicqsibjRF84PjgTBvP3pUicG4cAaIO5g/0?wx_fmt=jpeg,,http://mmbiz.qpic.cn/mmbiz_jpg/SdQCib1UzF3uViau2OJXatzYic5e17ibhibnxsH5iahTcTstiaiaNg4Z71XibRo6QEicqsibjRF84PjgTBvP3pUicG4cAaIO5g/0?wx_fmt=jpeg,"{""public_tag_list"": [], ""modify_times"": 0, ""init_tag_list_size"": 0}",100009507,77,1000000037,0,101,"{""msg_status"": 2, ""refuse_reason"": """", ""reject_index_list"": [], ""update_time"": 1752674452}","{""total"": 1061, ""succ"": 1061, ""fail"": 0, ""progress"": 100, ""userprotect"": 0}",178,,,,,[],0,0,0,[],,[],analysis page parsing failed,,,,,,,,,,,,,,,,,,,,,,,
47,从零开始手把手搭建Vision Transformers(Pytorch版本),张大刀修炼手册,张大刀修炼手册,2022-04-14 23:50:39,https://mp.weixin.qq.com/s/K-e1kVVFcuYf6SkDAG-TYw,G:\project\05 个人\分析助手\output_publish_check\articles\0047 从零开始手把手搭建Vision Transformers(Pytorch版本).md,"{""has_agreement_ad"": 0, ""is_recruit_agreement_ad"": 0}","{""appmsg_album_infos"": []}",2,1,2247492959,[],0,0,1,,0,,,11,1,https://mmbiz.qlogo.cn/mmbiz_jpg/xH40kQxnnibFwoHh3JpyqFiae5yW175DXAkL7tmCR49iaKHYbZT2mFQUvDIHNbxe0JiapQxMqianxoj5KMHemXW4GzA/0?wx_fmt=jpeg,,,0,,0,False,,0,0,0,,0,1,10,"{""use_line"": 1, ""line_count"": 0, ""send_time"": 1649951439, ""is_appmsg_flag"": 1, ""is_use_flag"": 0}",0,"[""第1次修改 2022年04月15日 17时01分 ""]",1,还可以修改2次,0,0,33,0,https://mmbiz.qlogo.cn/mmbiz_jpg/xH40kQxnnibFwoHh3JpyqFiae5yW175DXAuV0jGLv9PuyTSH8PyFnics7lrRqXFyMouiaryiaPdUtJvZMW3bA2OjhWw/0?wx_fmt=jpeg,,https://mmbiz.qlogo.cn/mmbiz_jpg/xH40kQxnnibFwoHh3JpyqFiae5yW175DXAuV0jGLv9PuyTSH8PyFnics7lrRqXFyMouiaryiaPdUtJvZMW3bA2OjhWw/0?wx_fmt=jpeg,"{""public_tag_list"": [], ""modify_times"": 0, ""init_tag_list_size"": 0}",100009026,77,1000000036,0,101,"{""msg_status"": 2, ""refuse_reason"": """", ""reject_index_list"": [], ""update_time"": 1752674453}","{""total"": 994, ""succ"": 994, ""fail"": 0, ""progress"": 100, ""userprotect"": 0}",933,1,,,,[],27,0,0,[],,[],analysis page parsing failed,,,,,,,,,,,,,,,,,,,,,,,
48,深度可分离ViT | SepViT | 深度可分离卷积造就深度可分离Transformer,张大刀修炼手册,张大刀修炼手册,2022-04-12 23:04:19,https://mp.weixin.qq.com/s/9NiRKTdHkFYd-JZz8VMk8Q,G:\project\05 个人\分析助手\output_publish_check\articles\0048 深度可分离ViT SepViT 深度可分离卷积造就深度可分离Transformer.md,"{""has_agreement_ad"": 0, ""is_recruit_agreement_ad"": 0}","{""appmsg_album_infos"": []}",2,0,2247492554,[],0,0,1,,0,,,201,2,https://mmbiz.qlogo.cn/mmbiz_jpg/xH40kQxnnibHjzRMPZbDZVDX7ialsoow1T0FxAjTibOCc2a6UlVmcedlUMicxyl7S0ibNX2vmdIP3ktSOyTHk2XWTSw/0?wx_fmt=jpeg,,,0,,0,False,0,0,0,0,,0,1,4,"{""use_line"": 1, ""line_count"": 0, ""send_time"": 1649775859, ""is_appmsg_flag"": 1, ""is_use_flag"": 0}",0,[],1,还可以修改3次,0,0,9,0,https://mmbiz.qlogo.cn/mmbiz_jpg/xH40kQxnnibHjzRMPZbDZVDX7ialsoow1TBOSX3jXRictsaduWS6YccibOc0Snq9ibNzibHMlAiaXIgic78FIHkAjqEnyA/0?wx_fmt=jpeg,,https://mmbiz.qlogo.cn/mmbiz_jpg/xH40kQxnnibHjzRMPZbDZVDX7ialsoow1TBOSX3jXRictsaduWS6YccibOc0Snq9ibNzibHMlAiaXIgic78FIHkAjqEnyA/0?wx_fmt=jpeg,"{""public_tag_list"": [], ""modify_times"": 0, ""init_tag_list_size"": 0}",100008881,77,1000000035,0,101,"{""msg_status"": 2, ""refuse_reason"": """", ""reject_index_list"": [], ""update_time"": 1752674453}","{""total"": 428, ""succ"": 428, ""fail"": 0, ""progress"": 100, ""userprotect"": 0}",190,,,,,[],3,0,0,[],,[],analysis page parsing failed,,,,,,,,,,,,,,,,,,,,,,,
49,【cvpr2022】小目标新解法，浙大提出Oriented RepPoints！,张大刀修炼手册,张大刀修炼手册,2022-04-10 21:57:40,https://mp.weixin.qq.com/s/Ib1fbP0h3l9AIZPutoo49g,G:\project\05 个人\分析助手\output_publish_check\articles\0049 【cvpr2022】小目标新解法，浙大提出Oriented RepPoints！.md,"{""has_agreement_ad"": 0, ""is_recruit_agreement_ad"": 0}","{""appmsg_album_infos"": []}",2,0,2247491622,[],0,0,1,,0,,,11,1,https://mmbiz.qlogo.cn/mmbiz_jpg/xH40kQxnnibG6ygGmxO8wWGiaeWJ5w4ibqbxvJofs6vicCMPqQmdr3Hw4Q1xHg8UX4cuRuTWbwtS3AEYq9uLCajTpw/0?wx_fmt=jpeg,,,0,,0,False,,0,0,0,,0,1,5,"{""use_line"": 1, ""line_count"": 0, ""send_time"": 1649599060, ""is_appmsg_flag"": 1, ""is_use_flag"": 0}",0,[],1,还可以修改3次,0,0,13,0,https://mmbiz.qlogo.cn/mmbiz_jpg/xH40kQxnnibG6ygGmxO8wWGiaeWJ5w4ibqbpNpibDHrHXD0yicVLkYcT2sF7lehLahk90pTtffa9wm1NvUO0OacREAQ/0?wx_fmt=jpeg,,https://mmbiz.qlogo.cn/mmbiz_jpg/xH40kQxnnibG6ygGmxO8wWGiaeWJ5w4ibqbpNpibDHrHXD0yicVLkYcT2sF7lehLahk90pTtffa9wm1NvUO0OacREAQ/0?wx_fmt=jpeg,"{""public_tag_list"": [], ""modify_times"": 0, ""init_tag_list_size"": 0}",100006660,77,1000000034,0,101,"{""msg_status"": 2, ""refuse_reason"": """", ""reject_index_list"": [], ""update_time"": 1752674454}","{""total"": 377, ""succ"": 377, ""fail"": 0, ""progress"": 100, ""userprotect"": 0}",555,0,,,,[],3,0,0,[],,[],analysis page parsing failed,,,,,,,,,,,,,,,,,,,,,,,
50,【小白入坑篇】anchor free新范式：RepPoints,张大刀修炼手册,张大刀修炼手册,2022-04-07 23:00:02,https://mp.weixin.qq.com/s/-iMqsgpLRs5W6Er11dSX9w,G:\project\05 个人\分析助手\output_publish_check\articles\0050 【小白入坑篇】anchor free新范式：RepPoints.md,"{""has_agreement_ad"": 0, ""is_recruit_agreement_ad"": 0}","{""appmsg_album_infos"": []}",2,0,2247491272,[],0,0,1,,0,,,11,1,https://mmbiz.qlogo.cn/mmbiz_jpg/xH40kQxnnibEcbwsy1rXChjHQGJBFmKefg67ejIibzdvSrKs5qKbSZiaDMhhB67ibUvAcrY7h0MVWskw3We0Q7RwdQ/0?wx_fmt=jpeg,,,0,,0,False,,0,0,0,,0,1,6,"{""use_line"": 1, ""line_count"": 0, ""send_time"": 1649343602, ""is_appmsg_flag"": 1, ""is_use_flag"": 0}",0,[],1,还可以修改3次,0,0,12,0,https://mmbiz.qlogo.cn/mmbiz_jpg/xH40kQxnnibEcbwsy1rXChjHQGJBFmKefwAJml2mmj91uhYFJe2kT2ISUoEzXvicGOe2q6nz8Eic7KZs6cNke8Nhw/0?wx_fmt=jpeg,,https://mmbiz.qlogo.cn/mmbiz_jpg/xH40kQxnnibEcbwsy1rXChjHQGJBFmKefwAJml2mmj91uhYFJe2kT2ISUoEzXvicGOe2q6nz8Eic7KZs6cNke8Nhw/0?wx_fmt=jpeg,"{""public_tag_list"": [], ""modify_times"": 0, ""init_tag_list_size"": 0}",100007515,77,1000000033,0,101,"{""msg_status"": 2, ""refuse_reason"": """", ""reject_index_list"": [], ""update_time"": 1752674454}","{""total"": 358, ""succ"": 358, ""fail"": 0, ""progress"": 100, ""userprotect"": 0}",339,0,,,,[],1,0,0,[],,[],analysis page parsing failed,,,,,,,,,,,,,,,,,,,,,,,
51,【小白入坑篇】DCN系列助力目标检测-可变形卷积,张大刀修炼手册,张大刀修炼手册,2022-04-05 23:10:41,https://mp.weixin.qq.com/s/qSM0haLVCfAR89ClEvLOkA,G:\project\05 个人\分析助手\output_publish_check\articles\0051 【小白入坑篇】DCN系列助力目标检测-可变形卷积.md,"{""has_agreement_ad"": 0, ""is_recruit_agreement_ad"": 0}","{""appmsg_album_infos"": []}",2,1,2247490816,[],0,0,1,,0,,,11,1,https://mmbiz.qlogo.cn/mmbiz_jpg/xH40kQxnnibH6uN7EibT0h05Cv7dUibQMKvQpYkIqUoshsvRicxuz8phUicpTibnJq63hSX4QicyECsbsdJ7ZaPVQSbyQ/0?wx_fmt=jpeg,,,0,,0,False,,0,0,0,,0,1,5,"{""use_line"": 1, ""line_count"": 0, ""send_time"": 1649171441, ""is_appmsg_flag"": 1, ""is_use_flag"": 0}",0,"[""第1次修改 2022年04月06日 19时37分 ""]",1,还可以修改2次,0,0,16,0,https://mmbiz.qlogo.cn/mmbiz_jpg/xH40kQxnnibH6uN7EibT0h05Cv7dUibQMKvpX4USe0ldy6lAU9uerLZ4HnTTr0PwQzwFibZibMDricrdR3H9Y48qnhyg/0?wx_fmt=jpeg,,https://mmbiz.qlogo.cn/mmbiz_jpg/xH40kQxnnibH6uN7EibT0h05Cv7dUibQMKvpX4USe0ldy6lAU9uerLZ4HnTTr0PwQzwFibZibMDricrdR3H9Y48qnhyg/0?wx_fmt=jpeg,"{""public_tag_list"": [], ""modify_times"": 0, ""init_tag_list_size"": 0}",100006786,77,1000000032,0,101,"{""msg_status"": 2, ""refuse_reason"": """", ""reject_index_list"": [], ""update_time"": 1752674454}","{""total"": 327, ""succ"": 327, ""fail"": 0, ""progress"": 100, ""userprotect"": 0}",509,1,,,,[],20,0,0,[],,[],analysis page parsing failed,,,,,,,,,,,,,,,,,,,,,,,
52,机器学习和深度学习工程师基本备忘单,张大刀修炼手册,张大刀修炼手册,2022-04-01 23:07:35,https://mp.weixin.qq.com/s/564qCgjaP6u4Hl-VkXnU6Q,G:\project\05 个人\分析助手\output_publish_check\articles\0052 机器学习和深度学习工程师基本备忘单.md,"{""has_agreement_ad"": 0, ""is_recruit_agreement_ad"": 0}","{""appmsg_album_infos"": []}",2,1,2247490303,[],0,0,1,,0,,,11,1,https://mmbiz.qlogo.cn/mmbiz_jpg/xH40kQxnnibE0EibLUACpOJibeUtNnzuhoxJDLpNe838RRNhVV2dsDq7YM1UwKoibno2q6KnBt1GmiaVDxUmdTVicZbQ/0?wx_fmt=jpeg,,,0,,0,False,,0,0,0,,0,1,6,"{""use_line"": 1, ""line_count"": 0, ""send_time"": 1648825655, ""is_appmsg_flag"": 1, ""is_use_flag"": 0}",0,"[""第1次修改 2022年04月01日 23时10分 ""]",1,还可以修改2次,0,0,17,0,https://mmbiz.qlogo.cn/mmbiz_jpg/xH40kQxnnibE0EibLUACpOJibeUtNnzuhoxa1BiauwdPzJHIzJwlGg2BoYnuWqQyZiaSPMPRJ4iamSrNbJ4k5z73cp1g/0?wx_fmt=jpeg,,https://mmbiz.qlogo.cn/mmbiz_jpg/xH40kQxnnibE0EibLUACpOJibeUtNnzuhoxa1BiauwdPzJHIzJwlGg2BoYnuWqQyZiaSPMPRJ4iamSrNbJ4k5z73cp1g/0?wx_fmt=jpeg,"{""public_tag_list"": [], ""modify_times"": 0, ""init_tag_list_size"": 0}",100006654,77,1000000031,0,101,"{""msg_status"": 2, ""refuse_reason"": """", ""reject_index_list"": [], ""update_time"": 1752674455}","{""total"": 284, ""succ"": 284, ""fail"": 0, ""progress"": 100, ""userprotect"": 0}",592,2,,,,[],0,0,0,[],,[],analysis page parsing failed,,,,,,,,,,,,,,,,,,,,,,,
53,强强联合|Opencv助力YOLOv5快速部署,张大刀修炼手册,张大刀修炼手册,2022-03-31 23:45:42,https://mp.weixin.qq.com/s/vUrkuyMwD6Yk1MLc1VCW0A,G:\project\05 个人\分析助手\output_publish_check\articles\0053 强强联合 Opencv助力YOLOv5快速部署.md,"{""has_agreement_ad"": 0, ""is_recruit_agreement_ad"": 0}","{""appmsg_album_infos"": []}",2,0,2247490200,[],0,0,1,,0,,,11,1,https://mmbiz.qlogo.cn/mmbiz_jpg/xH40kQxnnibFzLbxZ6RjOyg6CvOyGckdicYbgIibeDj5JMjQUicrSTiaG76ibPvdOeToDTDQoRLgIICxibibPtD0okIDiag/0?wx_fmt=jpeg,,,0,,0,False,,0,0,0,,0,1,9,"{""use_line"": 1, ""line_count"": 0, ""send_time"": 1648741542, ""is_appmsg_flag"": 1, ""is_use_flag"": 0}",0,[],1,还可以修改3次,0,0,25,0,https://mmbiz.qlogo.cn/mmbiz_jpg/xH40kQxnnibFzLbxZ6RjOyg6CvOyGckdicTjq7ictoBobePkfGpibdZ2G9MetCZ7ZwcXVEBHxnd1MI7cJT1ficU8Ftw/0?wx_fmt=jpeg,,https://mmbiz.qlogo.cn/mmbiz_jpg/xH40kQxnnibFzLbxZ6RjOyg6CvOyGckdicTjq7ictoBobePkfGpibdZ2G9MetCZ7ZwcXVEBHxnd1MI7cJT1ficU8Ftw/0?wx_fmt=jpeg,"{""public_tag_list"": [], ""modify_times"": 0, ""init_tag_list_size"": 0}",100006535,77,1000000030,0,101,"{""msg_status"": 2, ""refuse_reason"": """", ""reject_index_list"": [], ""update_time"": 1752674455}","{""total"": 251, ""succ"": 251, ""fail"": 0, ""progress"": 100, ""userprotect"": 0}",794,0,,,,[],11,0,0,[],,[],analysis page parsing failed,,,,,,,,,,,,,,,,,,,,,,,
54,【cvpr2022】自注意力和卷积集成!ACmix性能速度全面提升！,张大刀修炼手册,张大刀修炼手册,2022-03-29 18:09:44,https://mp.weixin.qq.com/s/dfQiCxvPoz-Pqi2yRGgw9A,G:\project\05 个人\分析助手\output_publish_check\articles\0054 【cvpr2022】自注意力和卷积集成!ACmix性能速度全面提升！.md,"{""has_agreement_ad"": 0, ""is_recruit_agreement_ad"": 0}","{""appmsg_album_infos"": []}",2,0,2247490037,[],0,0,1,,0,,,11,1,https://mmbiz.qlogo.cn/mmbiz_jpg/xH40kQxnnibFVroLNthrwJnkOOACSu7jMVsJw9ka7H3SPgWic8EuRQpFqgltIuiaibmOOliatFVJYeyPcSiaV9R8RpKQ/0?wx_fmt=jpeg,,,0,,0,False,,0,0,0,,0,1,6,"{""use_line"": 1, ""line_count"": 0, ""send_time"": 1648548584, ""is_appmsg_flag"": 1, ""is_use_flag"": 0}",0,[],1,还可以修改3次,0,0,16,0,https://mmbiz.qlogo.cn/mmbiz_jpg/xH40kQxnnibFVroLNthrwJnkOOACSu7jM2aR89f9TpILIjibB3hXlH3oEXPpTYqZMnj15ibnHMxrpINW8cHYuV2gA/0?wx_fmt=jpeg,,https://mmbiz.qlogo.cn/mmbiz_jpg/xH40kQxnnibFVroLNthrwJnkOOACSu7jM2aR89f9TpILIjibB3hXlH3oEXPpTYqZMnj15ibnHMxrpINW8cHYuV2gA/0?wx_fmt=jpeg,"{""public_tag_list"": [], ""modify_times"": 0, ""init_tag_list_size"": 0}",100004393,77,1000000029,0,101,"{""msg_status"": 2, ""refuse_reason"": """", ""reject_index_list"": [], ""update_time"": 1752674455}","{""total"": 211, ""succ"": 211, ""fail"": 0, ""progress"": 100, ""userprotect"": 0}",378,1,,,,[],7,0,0,[],,[],analysis page parsing failed,,,,,,,,,,,,,,,,,,,,,,,
55,PP-YoLoE | PP-YoLov2全面升级Anchor-Free，速度精度完美超越YoLoX和YoLov5,张大刀修炼手册,张大刀修炼手册,2022-03-28 23:32:43,https://mp.weixin.qq.com/s/T0VZ6YejCio8cE31vqKEFw,G:\project\05 个人\分析助手\output_publish_check\articles\0055 PP-YoLoE PP-YoLov2全面升级Anchor-Free，速度精度完美超越YoLoX和YoLov5.md,"{""has_agreement_ad"": 0, ""is_recruit_agreement_ad"": 0}","{""appmsg_album_infos"": []}",2,0,2247489629,[],0,0,1,,0,,,201,2,http://mmbiz.qpic.cn/mmbiz_jpg/5ooHoYt0tgkSQ7LyKT7ibXNvx5NuL2icA5IicI2oOYer4JWYodiaHjATYdUjLWsgn1R18cdkjl57TeJJnHmm4icFHnA/0?wx_fmt=jpeg,,,0,,0,False,0,0,0,0,,0,1,4,"{""use_line"": 1, ""line_count"": 0, ""send_time"": 1648481563, ""is_appmsg_flag"": 1, ""is_use_flag"": 0}",0,[],1,还可以修改3次,0,0,12,0,http://mmbiz.qpic.cn/mmbiz_jpg/5ooHoYt0tgkSQ7LyKT7ibXNvx5NuL2icA5IicI2oOYer4JWYodiaHjATYdUjLWsgn1R18cdkjl57TeJJnHmm4icFHnA/0?wx_fmt=jpeg,,http://mmbiz.qpic.cn/mmbiz_jpg/5ooHoYt0tgkSQ7LyKT7ibXNvx5NuL2icA5IicI2oOYer4JWYodiaHjATYdUjLWsgn1R18cdkjl57TeJJnHmm4icFHnA/0?wx_fmt=jpeg,"{""public_tag_list"": [], ""modify_times"": 0, ""init_tag_list_size"": 0}",100005881,77,1000000028,0,101,"{""msg_status"": 2, ""refuse_reason"": """", ""reject_index_list"": [], ""update_time"": 1752674456}","{""total"": 204, ""succ"": 204, ""fail"": 0, ""progress"": 100, ""userprotect"": 0}",145,,,,,[],0,0,0,[],,[],analysis page parsing failed,,,,,,,,,,,,,,,,,,,,,,,
56,【小白入坑篇】回归Loss函数,张大刀修炼手册,张大刀修炼手册,2022-03-26 00:56:55,https://mp.weixin.qq.com/s/PjEhqG7LcvjYrsmw4wtVZA,G:\project\05 个人\分析助手\output_publish_check\articles\0056 【小白入坑篇】回归Loss函数.md,"{""has_agreement_ad"": 0, ""is_recruit_agreement_ad"": 0}","{""appmsg_album_infos"": []}",2,0,2247488036,[],0,0,1,,0,,,11,1,https://mmbiz.qlogo.cn/mmbiz_jpg/xH40kQxnnibFj0icdQynbLeT204c0icJ3x2PkKoyn6uw59SU0v0fBJ0bNydFUWAdIoLUmbQKvC7DwOXucAibLCNmtA/0?wx_fmt=jpeg,,,0,,0,False,,0,0,0,,0,1,9,"{""use_line"": 1, ""line_count"": 0, ""send_time"": 1648227415, ""is_appmsg_flag"": 1, ""is_use_flag"": 0}",0,[],1,还可以修改3次,0,0,17,0,https://mmbiz.qlogo.cn/mmbiz_jpg/xH40kQxnnibFj0icdQynbLeT204c0icJ3x2YDF34UAURRsO97If6oGL25PrnPY0q9E0wlKuzI7DaauGavPicG70C2w/0?wx_fmt=jpeg,,https://mmbiz.qlogo.cn/mmbiz_jpg/xH40kQxnnibFj0icdQynbLeT204c0icJ3x2YDF34UAURRsO97If6oGL25PrnPY0q9E0wlKuzI7DaauGavPicG70C2w/0?wx_fmt=jpeg,"{""public_tag_list"": [], ""modify_times"": 0, ""init_tag_list_size"": 0}",100003509,77,1000000027,0,101,"{""msg_status"": 2, ""refuse_reason"": """", ""reject_index_list"": [], ""update_time"": 1752674456}","{""total"": 156, ""succ"": 156, ""fail"": 0, ""progress"": 100, ""userprotect"": 0}",943,1,,,,[],14,0,0,[],,[],analysis page parsing failed,,,,,,,,,,,,,,,,,,,,,,,
57,【小白入坑篇】分类Loss函数,张大刀修炼手册,张大刀修炼手册,2022-03-24 00:20:58,https://mp.weixin.qq.com/s/TlpAFedu7GJpZjg_4qcqxg,G:\project\05 个人\分析助手\output_publish_check\articles\0057 【小白入坑篇】分类Loss函数.md,"{""has_agreement_ad"": 0, ""is_recruit_agreement_ad"": 0}","{""appmsg_album_infos"": []}",2,0,2247487096,[],0,0,1,,0,,,11,1,https://mmbiz.qlogo.cn/mmbiz_jpg/xH40kQxnnibGQ1tZrhv1IAibIA3EaCkhF9iaxWacXkAZnu8njP060IaDO1GJaFchAsDwcdL98FRMLNeARZRzhibXHg/0?wx_fmt=jpeg,,,0,,0,False,,0,0,0,,0,1,7,"{""use_line"": 1, ""line_count"": 0, ""send_time"": 1648052458, ""is_appmsg_flag"": 1, ""is_use_flag"": 0}",0,[],1,还可以修改3次,0,0,21,0,https://mmbiz.qlogo.cn/mmbiz_jpg/xH40kQxnnibGQ1tZrhv1IAibIA3EaCkhF9vHQS3ico5xpnDlkLLuDuGTHEyxvtibVw9m8v4fPUUtoWSoGq8lv2OcmA/0?wx_fmt=jpeg,,https://mmbiz.qlogo.cn/mmbiz_jpg/xH40kQxnnibGQ1tZrhv1IAibIA3EaCkhF9vHQS3ico5xpnDlkLLuDuGTHEyxvtibVw9m8v4fPUUtoWSoGq8lv2OcmA/0?wx_fmt=jpeg,"{""public_tag_list"": [], ""modify_times"": 0, ""init_tag_list_size"": 0}",100001877,77,1000000026,0,101,"{""msg_status"": 2, ""refuse_reason"": """", ""reject_index_list"": [], ""update_time"": 1752674456}","{""total"": 136, ""succ"": 136, ""fail"": 0, ""progress"": 100, ""userprotect"": 0}",1080,0,,,,[],24,0,0,[],,[],analysis page parsing failed,,,,,,,,,,,,,,,,,,,,,,,
58,【无人驾驶】无人驾驶中常用的传感器总结,张大刀修炼手册,张大刀修炼手册,2022-03-24 00:20:58,https://mp.weixin.qq.com/s/ZxsI79HVBn7couOs2eLpJQ,G:\project\05 个人\分析助手\output_publish_check\articles\0058 【无人驾驶】无人驾驶中常用的传感器总结.md,"{""has_agreement_ad"": 0, ""is_recruit_agreement_ad"": 0}","{""appmsg_album_infos"": []}",2,0,2247487096,[],0,0,1,,0,,,201,2,https://mmbiz.qlogo.cn/mmbiz_jpg/Uf0qGiaRhZUqZ9SjUakd31XszJPGF8Yt82UsHzO767ianCVSMEQS9My8uUiaUwbanmH3QlWff1XbVeV8ic8EPtuuDg/0?wx_fmt=jpeg,,,0,,0,False,0,0,0,0,,0,2,2,"{""use_line"": 1, ""line_count"": 0, ""send_time"": 1648052458, ""is_appmsg_flag"": 1, ""is_use_flag"": 0}",0,[],1,还可以修改3次,0,0,3,0,https://mmbiz.qlogo.cn/mmbiz_jpg/Uf0qGiaRhZUqZ9SjUakd31XszJPGF8Yt82UsHzO767ianCVSMEQS9My8uUiaUwbanmH3QlWff1XbVeV8ic8EPtuuDg/0?wx_fmt=jpeg,,https://mmbiz.qlogo.cn/mmbiz_jpg/Uf0qGiaRhZUqZ9SjUakd31XszJPGF8Yt82UsHzO767ianCVSMEQS9My8uUiaUwbanmH3QlWff1XbVeV8ic8EPtuuDg/0?wx_fmt=jpeg,"{""public_tag_list"": [], ""modify_times"": 0, ""init_tag_list_size"": 0}",100001877,77,1000000026,0,101,"{""msg_status"": 2, ""refuse_reason"": """", ""reject_index_list"": [], ""update_time"": 1752674456}","{""total"": 136, ""succ"": 136, ""fail"": 0, ""progress"": 100, ""userprotect"": 0}",92,,,,,[],1,0,0,[],,[],analysis page parsing failed,,,,,,,,,,,,,,,,,,,,,,,
59,【小白入坑篇】FC层及numpy实现,张大刀修炼手册,张大刀修炼手册,2022-03-21 22:11:49,https://mp.weixin.qq.com/s/Ks2RyGkFiVdthJDpGhwlHw,G:\project\05 个人\分析助手\output_publish_check\articles\0059 【小白入坑篇】FC层及numpy实现.md,"{""has_agreement_ad"": 0, ""is_recruit_agreement_ad"": 0}","{""appmsg_album_infos"": []}",2,1,2247485523,[],0,0,1,,0,,,11,1,https://mmbiz.qlogo.cn/mmbiz_jpg/xH40kQxnnibGPiaS8F6ibsroh2QabzRkBaPJWmPicSF6KcyFSvWDzdnCM08gLnUxjk19o036UVH2fVZnDnXpTHJFCw/0?wx_fmt=jpeg,,,0,,0,False,,0,0,0,,0,1,4,"{""use_line"": 1, ""line_count"": 1, ""send_time"": 1647871909, ""is_appmsg_flag"": 1, ""is_use_flag"": 0}",0,"[""第1次修改 2022年03月22日 11时02分 ""]",1,还可以修改2次,0,0,12,0,https://mmbiz.qlogo.cn/mmbiz_jpg/xH40kQxnnibGPiaS8F6ibsroh2QabzRkBaP7aFMRiaWAnQtacfENEkWPa52QOutjFJibxCYOib4d5oqbUEzKEPlQoOng/0?wx_fmt=jpeg,,https://mmbiz.qlogo.cn/mmbiz_jpg/xH40kQxnnibGPiaS8F6ibsroh2QabzRkBaP7aFMRiaWAnQtacfENEkWPa52QOutjFJibxCYOib4d5oqbUEzKEPlQoOng/0?wx_fmt=jpeg,"{""public_tag_list"": [], ""modify_times"": 0, ""init_tag_list_size"": 0}",100000830,77,1000000025,0,101,"{""msg_status"": 2, ""refuse_reason"": """", ""reject_index_list"": [], ""update_time"": 1752674456}","{""total"": 95, ""succ"": 95, ""fail"": 0, ""progress"": 100, ""userprotect"": 0}",353,1,,,,[],3,0,0,[],,[],analysis page parsing failed,,,,,,,,,,,,,,,,,,,,,,,
60,【小白入坑篇】激活函数及numpy实现,张大刀修炼手册,张大刀修炼手册,2022-03-20 19:36:29,https://mp.weixin.qq.com/s/gH3gp513RhGfI4GcOTKyUg,G:\project\05 个人\分析助手\output_publish_check\articles\0060 【小白入坑篇】激活函数及numpy实现.md,"{""has_agreement_ad"": 0, ""is_recruit_agreement_ad"": 0}","{""appmsg_album_infos"": []}",2,0,2247485360,[],0,0,1,,0,,,11,1,https://mmbiz.qlogo.cn/mmbiz_jpg/xH40kQxnnibEeXFAgQWRyfuh4PuMtxDNn8YSA8ibFehXhgDqdgGQTvibqeN5KkSYK0ibYtYJQrV4U30fTTJic90R6Hg/0?wx_fmt=jpeg,,,0,,0,False,,0,0,0,,0,1,13,"{""use_line"": 1, ""line_count"": 0, ""send_time"": 1647776189, ""is_appmsg_flag"": 1, ""is_use_flag"": 0}",0,[],1,还可以修改3次,0,0,31,0,https://mmbiz.qlogo.cn/mmbiz_jpg/xH40kQxnnibEeXFAgQWRyfuh4PuMtxDNn0qhibBA3dxtVRZt48acXIuYibkRHFwerNDOlhrpnleSJQuer0licDL9Ww/0?wx_fmt=jpeg,,https://mmbiz.qlogo.cn/mmbiz_jpg/xH40kQxnnibEeXFAgQWRyfuh4PuMtxDNn0qhibBA3dxtVRZt48acXIuYibkRHFwerNDOlhrpnleSJQuer0licDL9Ww/0?wx_fmt=jpeg,"{""public_tag_list"": [], ""modify_times"": 0, ""init_tag_list_size"": 0}",100001284,77,1000000024,0,101,"{""msg_status"": 2, ""refuse_reason"": """", ""reject_index_list"": [], ""update_time"": 1752674457}","{""total"": 46, ""succ"": 46, ""fail"": 0, ""progress"": 100, ""userprotect"": 0}",681,0,,,,[],2,0,0,[],,[],analysis page parsing failed,,,,,,,,,,,,,,,,,,,,,,,
61,ŃĆÉÕ░ÅńÖĮÕģźÕØæń»ćŃĆæBNÕÅŖnumpyÕ«×ńÄ░,张大刀修炼手册,Õ╝ĀÕż¦ÕłĆõ┐«ńé╝µēŗÕåī,2022-03-19 19:30:00,https://mp.weixin.qq.com/s/zmok_UK3sK81aoj8wBgKFg,G:\project\05 个人\分析助手\output_publish_check\articles\0061 ŃĆÉÕ░ÅńÖĮÕģźÕØæń»ćŃĆæBNÕÅŖnumpyÕ«×ńÄ░.md,"{""has_agreement_ad"": 0, ""is_recruit_agreement_ad"": 0}","{""appmsg_album_infos"": []}",2,0,2247484582,[],0,0,1,,0,,,11,1,https://mmbiz.qlogo.cn/mmbiz_jpg/xH40kQxnnibFdggLF2iaTXcFOXmfqDlX25uj6c8FP5cy91WE3e69vvJN3bcyic8wrKSNR9IwZmyCQOTGGmhHFDAiaA/0?wx_fmt=jpeg,,,0,,0,False,,0,0,0,,0,1,6,"{""use_line"": 1, ""line_count"": 0, ""send_time"": 1647689400, ""is_appmsg_flag"": 1, ""is_use_flag"": 0}",0,[],1,还可以修改3次,0,0,13,0,https://mmbiz.qlogo.cn/mmbiz_jpg/xH40kQxnnibFdggLF2iaTXcFOXmfqDlX25ibZzexfVib2Nib4yvxwId4Rc7gzMUnrwus8icfpWrSTGTvXCu1mzqNbk7A/0?wx_fmt=jpeg,,https://mmbiz.qlogo.cn/mmbiz_jpg/xH40kQxnnibFdggLF2iaTXcFOXmfqDlX25ibZzexfVib2Nib4yvxwId4Rc7gzMUnrwus8icfpWrSTGTvXCu1mzqNbk7A/0?wx_fmt=jpeg,"{""public_tag_list"": [], ""modify_times"": 0, ""init_tag_list_size"": 0}",100000841,77,1000000021,0,101,"{""msg_status"": 2, ""refuse_reason"": """", ""reject_index_list"": [], ""update_time"": 1752674457}","{""total"": 35, ""succ"": 35, ""fail"": 0, ""progress"": 100, ""userprotect"": 0}",268,1,,,,[],1,0,0,[],,[],analysis page parsing failed,,,,,,,,,,,,,,,,,,,,,,,
62,【小白入坑篇】池化及numpy实现,张大刀修炼手册,张大刀修炼手册,2022-03-18 20:00:00,https://mp.weixin.qq.com/s/v5_nW-fnBofWG9vVe2HNGw,G:\project\05 个人\分析助手\output_publish_check\articles\0062 【小白入坑篇】池化及numpy实现.md,"{""has_agreement_ad"": 0, ""is_recruit_agreement_ad"": 0}","{""appmsg_album_infos"": []}",2,0,2247484477,[],0,0,1,,0,,,11,1,https://mmbiz.qlogo.cn/mmbiz_jpg/xH40kQxnnibH8Tyn2NnOhgqzXpg9fqycfpicq4M3NHJQqJmhEFLZyibDt1gAO5mzeicUXTYOVmtQhwicx4lw2JfcbxQ/0?wx_fmt=jpeg,,,0,,0,False,,0,0,0,,0,1,6,"{""use_line"": 1, ""line_count"": 0, ""send_time"": 1647604800, ""is_appmsg_flag"": 1, ""is_use_flag"": 0}",0,[],1,还可以修改3次,0,0,12,0,https://mmbiz.qlogo.cn/mmbiz_jpg/xH40kQxnnibH8Tyn2NnOhgqzXpg9fqycfkgft4FKAJAvdcER9ZlcutwTw0NNGNTup0pl3DLG6YdibFJoTp9jGK7Q/0?wx_fmt=jpeg,,https://mmbiz.qlogo.cn/mmbiz_jpg/xH40kQxnnibH8Tyn2NnOhgqzXpg9fqycfkgft4FKAJAvdcER9ZlcutwTw0NNGNTup0pl3DLG6YdibFJoTp9jGK7Q/0?wx_fmt=jpeg,"{""public_tag_list"": [], ""modify_times"": 0, ""init_tag_list_size"": 0}",100000652,77,1000000017,0,101,"{""msg_status"": 2, ""refuse_reason"": """", ""reject_index_list"": [], ""update_time"": 1752674457}","{""total"": 30, ""succ"": 30, ""fail"": 0, ""progress"": 100, ""userprotect"": 0}",231,1,,,,[],2,0,0,[],,[],analysis page parsing failed,,,,,,,,,,,,,,,,,,,,,,,
63,【小白入坑篇】卷积及numpy实现,张大刀修炼手册,张大刀修炼手册,2022-03-16 20:30:00,https://mp.weixin.qq.com/s/n41NGFxTFhw271ubBA_cMg,G:\project\05 个人\分析助手\output_publish_check\articles\0063 【小白入坑篇】卷积及numpy实现.md,"{""has_agreement_ad"": 0, ""is_recruit_agreement_ad"": 0}","{""appmsg_album_infos"": []}",2,0,2247484246,[],0,0,1,,0,,,11,1,https://mmbiz.qlogo.cn/mmbiz_jpg/xH40kQxnnibEKoxqfxM9fU6XlqqCfG1yftibBbNu25PtbGNLY2CibB6HRicgXv4lRRkyQciaVVRMxYEW6pWcjO8T4cg/0?wx_fmt=jpeg,,,0,,0,False,,0,0,0,,0,1,8,"{""use_line"": 1, ""line_count"": 0, ""send_time"": 1647433800, ""is_appmsg_flag"": 1, ""is_use_flag"": 0}",0,[],1,还可以修改3次,0,0,18,0,https://mmbiz.qlogo.cn/mmbiz_jpg/xH40kQxnnibEKoxqfxM9fU6XlqqCfG1yfDraMkUf2n6T2H8w9icg9KwpAMWXbu7rOgCibr15nUiaBIVh0BG20Hgckw/0?wx_fmt=jpeg,,https://mmbiz.qlogo.cn/mmbiz_jpg/xH40kQxnnibEKoxqfxM9fU6XlqqCfG1yfDraMkUf2n6T2H8w9icg9KwpAMWXbu7rOgCibr15nUiaBIVh0BG20Hgckw/0?wx_fmt=jpeg,"{""public_tag_list"": [], ""modify_times"": 0, ""init_tag_list_size"": 0}",100000186,77,1000000013,0,101,"{""msg_status"": 2, ""refuse_reason"": """", ""reject_index_list"": [], ""update_time"": 1752674458}","{""total"": 15, ""succ"": 15, ""fail"": 0, ""progress"": 100, ""userprotect"": 0}",451,2,,,,[],5,0,0,[],,[],analysis page parsing failed,,,,,,,,,,,,,,,,,,,,,,,
64,即插即用| alpha_IOU loss助力yolov5实战,张大刀修炼手册,张大刀修炼手册,2022-03-15 08:00:00,https://mp.weixin.qq.com/s/TcO9TRNexeJXVu2zeFeRjQ,G:\project\05 个人\分析助手\output_publish_check\articles\0064 即插即用 alpha_IOU loss助力yolov5实战.md,"{""has_agreement_ad"": 0, ""is_recruit_agreement_ad"": 0}","{""appmsg_album_infos"": []}",2,0,2247483824,[],0,0,1,,0,,,11,1,https://mmbiz.qlogo.cn/mmbiz_jpg/xH40kQxnnibEwOFWslgDxZaft25ibRuPeJQvaVJmzfex7C1pxT8wK06PYxxXyyLDDagv9G6EauMlC8heU6EM86WQ/0?wx_fmt=jpeg,,,0,,0,False,,0,0,0,,0,1,4,"{""use_line"": 1, ""line_count"": 0, ""send_time"": 1647302400, ""is_appmsg_flag"": 1, ""is_use_flag"": 0}",0,[],1,还可以修改3次,0,0,7,0,https://mmbiz.qlogo.cn/mmbiz_jpg/xH40kQxnnibEwOFWslgDxZaft25ibRuPeJU1RkbvIqJtiaQgKTsiaRbM3Up2XEM9lM7kYsrxiaicHylzzSeN20ndm5DQ/0?wx_fmt=jpeg,,https://mmbiz.qlogo.cn/mmbiz_jpg/xH40kQxnnibEwOFWslgDxZaft25ibRuPeJU1RkbvIqJtiaQgKTsiaRbM3Up2XEM9lM7kYsrxiaicHylzzSeN20ndm5DQ/0?wx_fmt=jpeg,"{""public_tag_list"": [], ""modify_times"": 0, ""init_tag_list_size"": 0}",100000160,77,1000000012,0,101,"{""msg_status"": 2, ""refuse_reason"": """", ""reject_index_list"": [], ""update_time"": 1752674458}","{""total"": 10, ""succ"": 10, ""fail"": 0, ""progress"": 100, ""userprotect"": 0}",136,1,,,,[],3,0,0,[],,[],analysis page parsing failed,,,,,,,,,,,,,,,,,,,,,,,
65,一个用于评价目标检测新map方法,张大刀修炼手册,张大刀修炼手册,2022-03-13 21:47:45,https://mp.weixin.qq.com/s/T5IeoXW_4cvyEOIOvRk3bg,G:\project\05 个人\分析助手\output_publish_check\articles\0065 一个用于评价目标检测新map方法.md,"{""has_agreement_ad"": 0, ""is_recruit_agreement_ad"": 0}","{""appmsg_album_infos"": []}",2,0,2247483774,[],0,0,1,,0,,,11,1,https://mmbiz.qlogo.cn/mmbiz_jpg/xH40kQxnnibGgn1zfMx4wlwGV7ibhibaH5QY7d1vvticxBxYECU54g5Fk21CjlIZ1rA57rnauC8ZgXj6Qh9MibllrJw/0?wx_fmt=jpeg,,,0,,0,False,,0,0,0,,0,1,2,"{""use_line"": 1, ""line_count"": 0, ""send_time"": 1647179265, ""is_appmsg_flag"": 1, ""is_use_flag"": 0}",0,[],1,还可以修改3次,0,0,6,0,https://mmbiz.qlogo.cn/mmbiz_jpg/xH40kQxnnibGgn1zfMx4wlwGV7ibhibaH5Qic8L2NFpLicPMlY2Zo3mOs12biauE15nouau3AiaEXsGlNy96aY3bKpqWA/0?wx_fmt=jpeg,,https://mmbiz.qlogo.cn/mmbiz_jpg/xH40kQxnnibGgn1zfMx4wlwGV7ibhibaH5Qic8L2NFpLicPMlY2Zo3mOs12biauE15nouau3AiaEXsGlNy96aY3bKpqWA/0?wx_fmt=jpeg,"{""public_tag_list"": [], ""modify_times"": 0, ""init_tag_list_size"": 0}",100000125,77,1000000011,0,101,"{""msg_status"": 2, ""refuse_reason"": """", ""reject_index_list"": [], ""update_time"": 1752674458}","{""total"": 8, ""succ"": 8, ""fail"": 0, ""progress"": 100, ""userprotect"": 0}",132,0,,,,[],0,0,0,[],,[],analysis page parsing failed,,,,,,,,,,,,,,,,,,,,,,,
66,高像素图像检测小物体的一种有效工具,张大刀修炼手册,张大刀修炼手册,2022-03-11 21:30:00,https://mp.weixin.qq.com/s/1rDcEt4KZlTEQ8_2C4eNUQ,G:\project\05 个人\分析助手\output_publish_check\articles\0066 高像素图像检测小物体的一种有效工具.md,"{""has_agreement_ad"": 0, ""is_recruit_agreement_ad"": 0}","{""appmsg_album_infos"": []}",2,0,2247483753,[],0,0,1,,0,,,11,1,https://mmbiz.qlogo.cn/mmbiz_jpg/xH40kQxnnibF9DaibX2eqCEUUKxgEgHICX7zmQAibibBoUQFtSoNsV83uVJELHErEicJjj5l4pvwXVwEG4bAZ69q1tw/0?wx_fmt=jpeg,,,0,,0,False,,0,0,0,,0,1,4,"{""use_line"": 1, ""line_count"": 0, ""send_time"": 1647005400, ""is_appmsg_flag"": 1, ""is_use_flag"": 0}",0,[],1,还可以修改3次,0,0,8,0,https://mmbiz.qlogo.cn/mmbiz_jpg/xH40kQxnnibF9DaibX2eqCEUUKxgEgHICXZgo24zhNbS3cYGenFI1KU0OkGsBnhAGlqnyjornC5HllesjIVdnuHA/0?wx_fmt=jpeg,,https://mmbiz.qlogo.cn/mmbiz_jpg/xH40kQxnnibF9DaibX2eqCEUUKxgEgHICXZgo24zhNbS3cYGenFI1KU0OkGsBnhAGlqnyjornC5HllesjIVdnuHA/0?wx_fmt=jpeg,"{""public_tag_list"": [], ""modify_times"": 0, ""init_tag_list_size"": 0}",100000104,77,1000000010,0,101,"{""msg_status"": 2, ""refuse_reason"": """", ""reject_index_list"": [], ""update_time"": 1752674458}","{""total"": 8, ""succ"": 8, ""fail"": 0, ""progress"": 100, ""userprotect"": 0}",210,0,,,,[],1,0,0,[],,[],analysis page parsing failed,,,,,,,,,,,,,,,,,,,,,,,
67,kaggle 面部关键点检测的实战总结,张大刀修炼手册,张大刀修炼手册,2022-03-10 22:42:47,https://mp.weixin.qq.com/s/IfVkEh_p_mACAsNiV1IVbg,G:\project\05 个人\分析助手\output_publish_check\articles\0067 kaggle 面部关键点检测的实战总结.md,"{""has_agreement_ad"": 0, ""is_recruit_agreement_ad"": 0}","{""appmsg_album_infos"": []}",2,0,2247483737,[],0,0,1,,0,,,100,0,https://mmbiz.qlogo.cn/mmbiz_jpg/xH40kQxnnibF0hITpwx5TO8yxASLIGiahYzUW1khn4MWfZsPkFe3RDhT2ia2H49KbMa1uaPsQIrJEOibs4QQ5xreOA/0?wx_fmt=jpeg,,,0,,0,False,,0,0,0,,0,1,3,"{""use_line"": 1, ""line_count"": 0, ""send_time"": 1646923367, ""is_appmsg_flag"": 1, ""is_use_flag"": 0}",0,[],1,还可以修改3次,0,0,8,0,https://mmbiz.qlogo.cn/mmbiz_jpg/xH40kQxnnibF0hITpwx5TO8yxASLIGiahY4TSAChaH0kLs76boPBDUx5Snn669kMCSm2CZCRbyYTeMX8Na5ziaqicQ/0?wx_fmt=jpeg,,https://mmbiz.qlogo.cn/mmbiz_jpg/xH40kQxnnibF0hITpwx5TO8yxASLIGiahY4TSAChaH0kLs76boPBDUx5Snn669kMCSm2CZCRbyYTeMX8Na5ziaqicQ/0?wx_fmt=jpeg,"{""public_tag_list"": [], ""modify_times"": 0, ""init_tag_list_size"": 0}",100000088,77,1000000009,0,101,"{""msg_status"": 2, ""refuse_reason"": """", ""reject_index_list"": [], ""update_time"": 1752674458}","{""total"": 8, ""succ"": 8, ""fail"": 0, ""progress"": 100, ""userprotect"": 0}",206,,,,,[],4,0,0,[],,[],analysis page parsing failed,,,,,,,,,,,,,,,,,,,,,,,
68,零基础小程序开发[1] --注册,张大刀修炼手册,张大刀修炼手册,2022-03-09 22:12:00,https://mp.weixin.qq.com/s/Q9bpc25qX8bbyfrr6JAaLA,G:\project\05 个人\分析助手\output_publish_check\articles\0068 零基础小程序开发[1] --注册.md,"{""has_agreement_ad"": 0, ""is_recruit_agreement_ad"": 0}","{""appmsg_album_infos"": []}",2,0,2247483723,[],0,0,1,,0,,,11,1,https://mmbiz.qlogo.cn/mmbiz_jpg/xH40kQxnnibFkceicMdiav5kc6BIqLfrDaDohoqzibXzI0Ima5CKUh2KHHudFKHx9G4DBFbc1IZhX7jpXKAtMCdG6g/0?wx_fmt=jpeg,,,0,,0,False,,0,0,0,,0,1,3,"{""use_line"": 1, ""line_count"": 0, ""send_time"": 1646835120, ""is_appmsg_flag"": 1, ""is_use_flag"": 0}",0,[],1,还可以修改3次,0,0,9,0,https://mmbiz.qlogo.cn/mmbiz_jpg/xH40kQxnnibFkceicMdiav5kc6BIqLfrDaDsibY2ibgibI1qnAsiaNLYz21kZJZwjTCvMs4kaBd9icKJGuic79ee6tweYjg/0?wx_fmt=jpeg,,https://mmbiz.qlogo.cn/mmbiz_jpg/xH40kQxnnibFkceicMdiav5kc6BIqLfrDaDsibY2ibgibI1qnAsiaNLYz21kZJZwjTCvMs4kaBd9icKJGuic79ee6tweYjg/0?wx_fmt=jpeg,"{""public_tag_list"": [], ""modify_times"": 0, ""init_tag_list_size"": 0}",100000074,77,1000000008,0,101,"{""msg_status"": 2, ""refuse_reason"": """", ""reject_index_list"": [], ""update_time"": 1752674459}","{""total"": 7, ""succ"": 7, ""fail"": 0, ""progress"": 100, ""userprotect"": 0}",147,0,,,,[],0,0,0,[],,[],analysis page parsing failed,,,,,,,,,,,,,,,,,,,,,,,
69,项目启动会kickoff,张大刀修炼手册,,,https://mp.weixin.qq.com/s?__biz=MzU3ODk2Njc5Mg==&tempkey=MTM4M19vVzgzeHdFNUFXWXR3ckY1OEM2LTBLMTV2ZXBoMGR4ZmZMcjZ6NnoydHd6dFM5VnNZa0lpTjFjclA1clJDSGc3VkMxRnd5azYxMml0R2Z1THpkWThpWWRqTG5XUkMxLXlLMTdzanlhbWNXbU5Lb1oyejVLd2hQN0FuMVZqNnVwR0dKREVpX21salZQd0NmZTVkRVRudXVScjU2Ny1xOGVNOExQTFlBfn4%3D&chksm=fd6c0554ca1b8c420f9f47193e13b491c4e0f6f57d8aa6af4ab4eb51c733887cdfc6b5eeec19#rd,G:\project\05 个人\分析助手\output_publish_check\articles\0069 项目启动会kickoff.md,"{""has_agreement_ad"": 0, ""is_recruit_agreement_ad"": 0}","{""appmsg_album_infos"": []}",2,,2247483699,[],,0,,,0,,,100,0,https://mmbiz.qlogo.cn/mmbiz_jpg/xH40kQxnnibGW8xUNV5qcDuCia28y1W6Udu32Vu6ibtsA1piaVb1G7BMH0yKyAxH2VJSJVCkA8JRbAjmHicibdk43LCw/0?wx_fmt=jpeg,,1681296657,0,,0,True,,0,0,0,,0,1,0,"{""use_line"": 1, ""line_count"": 0, ""send_time"": 1635242709, ""is_appmsg_flag"": 1, ""is_use_flag"": 0}",0,[],,,0,0,0,,https://mmbiz.qlogo.cn/mmbiz_jpg/xH40kQxnnibGW8xUNV5qcDuCia28y1W6UdOrRAibGtHhYYERiaU8LgZGSlcksYeGYzBFWxFKo4T70l2MOjyHBMfwIw/0?wx_fmt=jpeg,https://mmbiz.qlogo.cn/mmbiz_jpg/xH40kQxnnibGW8xUNV5qcDuCia28y1W6Udu32Vu6ibtsA1piaVb1G7BMH0yKyAxH2VJSJVCkA8JRbAjmHicibdk43LCw/0?wx_fmt=jpeg,https://mmbiz.qlogo.cn/mmbiz_jpg/xH40kQxnnibGW8xUNV5qcDuCia28y1W6UdOrRAibGtHhYYERiaU8LgZGSlcksYeGYzBFWxFKo4T70l2MOjyHBMfwIw/0?wx_fmt=jpeg,"{""public_tag_list"": [], ""modify_times"": 0, ""init_tag_list_size"": 0}",100000050,,2247483699,0,1,"{""reject_index_list"": []}",{},0,,,,,[],0,0,0,[],,[],missing appmsgid/itemidx/publish_date,,,,,,,,,,,,,,,,,,,,,,,
70,汤圆日常,张大刀修炼手册,张大刀修炼手册,2021-01-28 18:13:34,https://mp.weixin.qq.com/s/eGf20ierLSmOlX5zs9kvgg,G:\project\05 个人\分析助手\output_publish_check\articles\0070 汤圆日常.md,"{""has_agreement_ad"": 0, ""is_recruit_agreement_ad"": 0}","{""appmsg_album_infos"": []}",2,0,2247483694,[],0,0,1,,0,,,100,0,https://mmbiz.qlogo.cn/mmbiz_jpg/xH40kQxnnibEk1XlcGjmlNKQuJfVE6hEFcVxq629QMEMBsQJZRNblXGnXXXG3wj03SpKClso0Dv8MJ1Q3Qcqelg/0?wx_fmt=jpeg,,,0,,0,False,,0,0,0,,0,1,1,"{""use_line"": 1, ""line_count"": 0, ""send_time"": 1611828814, ""is_appmsg_flag"": 1, ""is_use_flag"": 0}",0,[],1,还可以修改3次,0,0,4,0,https://mmbiz.qlogo.cn/mmbiz_jpg/xH40kQxnnibEk1XlcGjmlNKQuJfVE6hEFdkibZDtFtOPOmYcXib9I9NXiasSm9UWnZX13Um66JrSCRFy3hhVyUk9Dg/0?wx_fmt=jpeg,,https://mmbiz.qlogo.cn/mmbiz_jpg/xH40kQxnnibEk1XlcGjmlNKQuJfVE6hEFdkibZDtFtOPOmYcXib9I9NXiasSm9UWnZX13Um66JrSCRFy3hhVyUk9Dg/0?wx_fmt=jpeg,"{""public_tag_list"": [], ""modify_times"": 0, ""init_tag_list_size"": 0}",2247483694,6,1000000006,0,101,"{""msg_status"": 2, ""refuse_reason"": """", ""reject_index_list"": [], ""update_time"": 1752674459}","{""total"": 7, ""succ"": 7, ""fail"": 0, ""progress"": 100, ""userprotect"": 0}",153,,,,,[],0,0,0,[],,[],analysis page parsing failed,,,,,,,,,,,,,,,,,,,,,,,
71,读书记-week2,张大刀修炼手册,,2020-10-22 17:30:19,https://mp.weixin.qq.com/s?__biz=MzU3ODk2Njc5Mg==&tempkey=MTM4M19YaE1Uc201VC9XdjBwUlFJOEM2LTBLMTV2ZXBoMGR4ZmZMcjZ6NnoydHd6dFM5VnNZa0lpTjFjclA1cVVfcm5jYWxTcTk3SEF1bjVmeklmMDV3RlJueHpSZ1BYNFkwSTB2bjlNRkdGQTY4dkZ5VGxQMlh2elVTX3JsVlNFa3MxSlA3NlRzNjdBdFFrd0lMbHFTWE9pSkM4bUZwQ2hZNklYd2JUT21nfn4%3D&chksm=fd6c0541ca1b8c5712ef594119e76d5e348b82dde1354b71463bc174918278a9a9534876f0ae#rd,G:\project\05 个人\分析助手\output_publish_check\articles\0071 读书记-week2.md,"{""has_agreement_ad"": 0, ""is_recruit_agreement_ad"": 0}","{""appmsg_album_infos"": []}",2,,2247483686,[],,0,,,0,,,100,1,https://mmbiz.qlogo.cn/mmbiz_jpg/xH40kQxnnibE46BZYSAgbOo9uwb6Wgle5rDRjbgT8CNteKtyLYRLHfxABxrqRYj06UZnjQImxK6Nt8icibwtstZfQ/0?wx_fmt=jpeg,,1681296644,0,,0,True,,0,0,0,,0,1,2,"{""use_line"": 1, ""line_count"": 0, ""send_time"": 1603359019, ""is_appmsg_flag"": 1, ""is_use_flag"": 0}",0,[],,,0,0,3,0,https://mmbiz.qlogo.cn/mmbiz_jpg/xH40kQxnnibE46BZYSAgbOo9uwb6Wgle5Hr6Y7LvJcvKdmJQVAymFiakKH14YtttnFIMVeFMBKibk6NAvw2x1JmuA/0?wx_fmt=jpeg,,https://mmbiz.qlogo.cn/mmbiz_jpg/xH40kQxnnibE46BZYSAgbOo9uwb6Wgle5Hr6Y7LvJcvKdmJQVAymFiakKH14YtttnFIMVeFMBKibk6NAvw2x1JmuA/0?wx_fmt=jpeg,"{""public_tag_list"": [], ""modify_times"": 0, ""init_tag_list_size"": 0}",2247483686,6,1000000005,0,101,"{""msg_status"": 7, ""refuse_reason"": """", ""reject_index_list"": [], ""msg_fail_reason"": ""该内容已被删除，你的粉丝在“查看历史消息”中将无法查看该内容"", ""update_time"": 1752674459}","{""total"": 7, ""succ"": 7, ""fail"": 0, ""progress"": 100, ""userprotect"": 0}",112,,,,,[],0,0,0,[],,[],analysis page parsing failed,,,,,,,,,,,,,,,,,,,,,,,
72,理财-week1,张大刀修炼手册,,2020-10-12 11:15:00,https://mp.weixin.qq.com/s?__biz=MzU3ODk2Njc5Mg==&tempkey=MTM4M19ONDAxNkRXR1RGRTJFUms3OEM2LTBLMTV2ZXBoMGR4ZmZMcjZ6NnoydHd6dFM5VnNZa0lpTjFjclA1cWdiNWc3MUVEV3lQU2M1bnFWZ0hiaTZHcjQwZ0w0THFzWjlBOUplWkRsa2Rfcm13bjFId1FtQ2loejREelg3c25OanVBenUwTUZTUzkxbm9pbEJRMDdCT081UnZLUklQVTZfcGdmRE8tY3BRfn4%3D&chksm=fd6c0578ca1b8c6ec6c48b91e497cc5b6e6536c273e239c6ccaf26634519d63a8714729a844c#rd,G:\project\05 个人\分析助手\output_publish_check\articles\0072 理财-week1.md,"{""has_agreement_ad"": 0, ""is_recruit_agreement_ad"": 0}","{""appmsg_album_infos"": []}",2,,2247483679,[],,0,,,0,,,100,0,https://mmbiz.qlogo.cn/mmbiz_jpg/xH40kQxnnibH4gYsM1Wzrx62uT4zz6gS1Np5FcSVp7eOqGnokhzgWxL0L21pQdf99YhUU8Oia5eymjlwysamC0Kw/0?wx_fmt=jpeg,,1681296639,0,,0,True,,0,0,0,,0,1,1,"{""use_line"": 1, ""line_count"": 0, ""send_time"": 1602472500, ""is_appmsg_flag"": 1, ""is_use_flag"": 0}",0,[],,,0,0,2,0,https://mmbiz.qlogo.cn/mmbiz_jpg/xH40kQxnnibH4gYsM1Wzrx62uT4zz6gS1mgUpSwScPUmt5PFiblPmsNNH6JUEEMYgTZQw5ICXmLjgic89bSu7ZZew/0?wx_fmt=jpeg,,https://mmbiz.qlogo.cn/mmbiz_jpg/xH40kQxnnibH4gYsM1Wzrx62uT4zz6gS1mgUpSwScPUmt5PFiblPmsNNH6JUEEMYgTZQw5ICXmLjgic89bSu7ZZew/0?wx_fmt=jpeg,"{""public_tag_list"": [], ""modify_times"": 0, ""init_tag_list_size"": 0}",2247483679,6,1000000004,0,101,"{""msg_status"": 7, ""refuse_reason"": """", ""reject_index_list"": [], ""msg_fail_reason"": ""该内容已被删除，你的粉丝在“查看历史消息”中将无法查看该内容"", ""update_time"": 1752674459}","{""total"": 7, ""succ"": 7, ""fail"": 0, ""progress"": 100, ""userprotect"": 0}",116,,,,,[],0,0,0,[],,[],analysis page parsing failed,,,,,,,,,,,,,,,,,,,,,,,
73,流记3-过年1（疫情）,张大刀修炼手册,张大刀修炼手册,2020-02-10 17:11:37,https://mp.weixin.qq.com/s/POuAZ-owgXoGmdKFM0eshA,G:\project\05 个人\分析助手\output_publish_check\articles\0073 流记3-过年1（疫情）.md,"{""has_agreement_ad"": 0, ""is_recruit_agreement_ad"": 0}","{""appmsg_album_infos"": []}",2,0,2247483674,[],0,0,1,,0,,,11,1,https://mmbiz.qlogo.cn/mmbiz_jpg/xH40kQxnnibFCibqpWo9qKCBIE66kRSUpQicsYXvYAOflWZWkbell2KIGibYF83Jub4JC7JVkFXDqI4CuuUuibib3P3Q/0?wx_fmt=jpeg,,,0,,0,False,,0,0,0,,0,1,3,"{""use_line"": 1, ""line_count"": 0, ""send_time"": 1581325897, ""is_appmsg_flag"": 1, ""is_use_flag"": 0}",0,[],1,还可以修改3次,0,0,6,0,,,https://mmbiz.qlogo.cn/mmbiz_jpg/xH40kQxnnibFCibqpWo9qKCBIE66kRSUpQRC07LfEjFqnhPdfMOaaYGV1o96e2glD1XxQSxibvK8GHuUKSJz0KjRQ/0?wx_fmt=jpeg,"{""public_tag_list"": [], ""modify_times"": 0, ""init_tag_list_size"": 0}",2247483674,6,1000000003,0,101,"{""msg_status"": 2, ""refuse_reason"": """", ""reject_index_list"": [], ""update_time"": 1752674459}","{""total"": 7, ""succ"": 7, ""fail"": 0, ""progress"": 100, ""userprotect"": 0}",184,0,,,,[],0,0,0,[],,[],analysis page parsing failed,,,,,,,,,,,,,,,,,,,,,,,
74,流记2-知易行难,张大刀修炼手册,,2020-01-17 17:21:28,https://mp.weixin.qq.com/s?__biz=MzU3ODk2Njc5Mg==&tempkey=MTM4M19iYnVRL0Q2Y1N6ODN6WjArOEM2LTBLMTV2ZXBoMGR4ZmZMcjZ6NnoydHd6dFM5VnNZa0lpTjFjclA1cF9WSUJaNDFPVFJ5X3Y5NnlqUlBtUDkzczhiUl9rU1VRbk5pOGs0ajlCUGtQZ2JFRHh3MEtaRlB0SWVOeE5kWEdYOTJrX2dEZTFlakdCMHRNVzdjMG5IV3dPVjd2QU14OWcwV19KV0lkVzRBfn4%3D&chksm=fd6c0577ca1b8c61979be97a22a2cf51449d69ece1c67cbf6da1fc45278debb225bd28adeb1d#rd,G:\project\05 个人\分析助手\output_publish_check\articles\0074 流记2-知易行难.md,"{""has_agreement_ad"": 0, ""is_recruit_agreement_ad"": 0}","{""appmsg_album_infos"": []}",2,,2247483664,[],,0,,,0,,,100,1,https://mmbiz.qlogo.cn/mmbiz_jpg/xH40kQxnnibGA5kjEZblB4tUjIiaJwcbMff15zJJRuc4gjA5dbexIkrY2iapMOH7ibsWzxwYhZF6zW22WVzfAO6OYA/0?wx_fmt=jpeg,,1647783240,0,,0,True,,0,0,0,,0,1,0,"{""use_line"": 1, ""line_count"": 0, ""send_time"": 1579252887, ""is_appmsg_flag"": 1, ""is_use_flag"": 0}",0,[],,,0,0,2,0,,,https://mmbiz.qlogo.cn/mmbiz_jpg/xH40kQxnnibGA5kjEZblB4tUjIiaJwcbMfTbhcDmRt0sBjlevyHib8qS81P2oL5h2p8VGf8ibM4ZvysEKNic0tlibzrA/0?wx_fmt=jpeg,"{""public_tag_list"": [], ""modify_times"": 0, ""init_tag_list_size"": 0}",2247483664,6,1000000002,0,101,"{""msg_status"": 7, ""refuse_reason"": """", ""reject_index_list"": [], ""msg_fail_reason"": ""该内容已被删除，你的粉丝在“查看历史消息”中将无法查看该内容"", ""update_time"": 1752674460}","{""total"": 5, ""succ"": 5, ""fail"": 0, ""progress"": 100, ""userprotect"": 0}",26,,,,,[],0,0,0,[],,[],analysis page parsing failed,,,,,,,,,,,,,,,,,,,,,,,
75,流记1：活出生命的意义,张大刀修炼手册,,2020-01-09 23:08:23,https://mp.weixin.qq.com/s?__biz=MzU3ODk2Njc5Mg==&tempkey=MTM4M182OUFiWXNueUQ2ZnpKQVp0OEM2LTBLMTV2ZXBoMGR4ZmZMcjZ6NnoydHd6dFM5VnNZa0lpTjFjclA1cXpMUjFiS2hEWXdySnFLWlhVSV8wdzluelYxSVhLa2t5VmszX2JFdjNBNm5RSmJQM0JPbV93c202eW9WZDR2aXBNVDdqdXRZWGRUeVRGYm5IQUxrcXdtamMtaHZVcEliTFVJakdIdVlYWUhRfn4%3D&chksm=fd6c056dca1b8c7b085ceefc34feda86a403f04bae08e808a6d563c3c741103dc3a3487f0c1e#rd,G:\project\05 个人\分析助手\output_publish_check\articles\0075 流记1：活出生命的意义.md,"{""has_agreement_ad"": 0, ""is_recruit_agreement_ad"": 0}","{""appmsg_album_infos"": []}",2,,2247483658,[],,0,,,0,,,100,0,https://mmbiz.qlogo.cn/mmbiz_jpg/xH40kQxnnibHt5604nRxtntoq1gXQnnwf0praiaJiaUib3uYibORYlWpskM6Uic1Ad9CjXI6KcgictUNicn7jKxR9ibb8lw/0?wx_fmt=jpeg,,1646829882,0,,0,True,,0,0,0,,0,1,0,"{""use_line"": 1, ""line_count"": 0, ""send_time"": 1578582503, ""is_appmsg_flag"": 1, ""is_use_flag"": 0}",0,[],,,0,0,0,0,,,https://mmbiz.qlogo.cn/mmbiz_jpg/xH40kQxnnibHt5604nRxtntoq1gXQnnwfRXTZv7MlibAHSiaUG0AQdVIrEicQtDNNklkOQ1oIib6ddwGZ0RKRbK7z1Q/0?wx_fmt=jpeg,"{""public_tag_list"": [], ""modify_times"": 0, ""init_tag_list_size"": 0}",2247483658,6,1000000001,0,101,"{""msg_status"": 7, ""refuse_reason"": """", ""reject_index_list"": [], ""msg_fail_reason"": ""该内容已被删除，你的粉丝在“查看历史消息”中将无法查看该内容"", ""update_time"": 1752674460}","{""total"": 4, ""succ"": 4, ""fail"": 0, ""progress"": 100, ""userprotect"": 0}",12,,,,,[],0,0,0,[],,[],analysis page parsing failed,,,,,,,,,,,,,,,,,,,,,,,
